Name,Date,Braking Phase Duration [ms] (L),Countermovement Depth [cm] (L),Eccentric Mean Force / BM [N/kg] (L),BW [KG],Jump Height (Imp-Mom) [cm] (L),Braking Phase Duration [ms] (L)_avg_prev,Countermovement Depth [cm] (L)_avg_prev,Eccentric Mean Force / BM [N/kg] (L)_avg_prev,BW [KG]_avg_prev,Jump Height (Imp-Mom) [cm] (L)_avg_prev,Braking Phase Duration [ms] (L)_z,Countermovement Depth [cm] (L)_z,Eccentric Mean Force / BM [N/kg] (L)_z,BW [KG]_z,Jump Height (Imp-Mom) [cm] (L)_z,Braking Phase Duration [ms] (L)_class,Countermovement Depth [cm] (L)_class,Eccentric Mean Force / BM [N/kg] (L)_class,BW [KG]_class,Jump Height (Imp-Mom) [cm] (L)_class,Absorption_Class_L
Alakazam,2024-01-15,251.0,8.1,15.9,104.5,20.9,,,,,,0.0,0.0,0.0,0.0,0.0,Avg,Avg,Avg,Avg,Avg,Avg
Alakazam,2024-04-23,248.0,14.0,10.2,81.1,20.7,251.0,8.1,15.9,104.5,20.9,0.0,0.0,0.0,0.0,0.0,Avg,Avg,Avg,Avg,Avg,Avg
Alakazam,2024-06-08,308.0,32.5,12.2,111.8,19.2,249.5,11.0,13.0,92.8,20.8,27.577164466275356,5.141505239475066,-0.21089149614335653,1.1482930634653334,-11.313708498984886,High,High,Avg,High,Low,High
Alakazam,2024-08-17,443.0,10.4,14.6,105.3,37.7,269.0,18.2,12.8,99.1,20.3,5.1466677546134605,-0.6126935192680711,0.6339452198596616,0.3844990691412385,18.762520487188702,High,Avg,Avg,Avg,High,Low
Alakazam,2024-08-20,356.0,15.5,11.7,99.9,37.7,312.5,16.2,13.2,100.7,24.6,0.4765853516499159,-0.06755477535213728,-0.6020648972807933,-0.05760702032695025,1.4943507758718855,Avg,Avg,Avg,Avg,High,Avg
Alakazam,2024-10-01,338.0,24.3,11.7,108.6,26.7,321.2,16.1,12.9,100.5,27.2,0.2063766824368651,0.852342040323721,-0.5310877493038958,0.6932060733792486,-0.05641921756885671,Avg,Avg,Avg,Avg,Avg,Avg
Alakazam,2025-04-22,363.0,34.2,22.0,79.0,36.4,324.0,17.5,12.7,101.9,27.2,0.5332767713631232,1.812314522133989,4.391029721949274,-2.091175757801334,1.0801550106050963,Avg,High,High,Low,High,High
Alakazam,2025-05-17,380.0,23.7,25.2,65.8,38.0,329.6,19.9,14.0,98.6,28.5,0.7375968237441681,0.3646774641070561,2.786136506366414,-2.4841357382300173,1.1126793566466204,Avg,Avg,High,Low,High,High
Alakazam,2025-06-01,353.0,30.7,16.4,105.7,50.9,335.9,20.3,15.4,94.5,29.7,0.2604156695911131,1.0520139988716817,0.17779760467306666,0.6646980427037814,2.465340321606169,Avg,High,Avg,Avg,High,High
Alakazam,2025-06-05,420.0,17.0,8.7,114.7,50.1,337.8,21.5,15.5,95.7,32.0,1.3309438625599606,-0.4561808020447626,-1.34892999474234,1.170268208658127,1.6854175008106598,High,Avg,Low,High,High,Low
Alakazam,2025-07-14,501.0,36.8,25.5,81.2,34.7,346.0,21.0,14.9,97.6,33.8,2.4300628334879706,1.6792119171907236,2.026415486361108,-1.002098789827249,0.07489305888029785,High,High,High,Low,Avg,Avg
Alakazam,2025-07-24,302.0,28.0,16.9,96.2,13.5,360.1,22.5,15.8,96.1,33.9,-0.7597841839956885,0.5476677881314485,0.18105473808555997,0.0033393865103245705,-1.851406265533871,Avg,Avg,Avg,Avg,Low,Avg
Alakazam,2025-08-07,365.0,13.2,7.1,85.3,29.5,355.2,22.9,15.9,96.1,32.2,0.13034250031214803,-0.9978712039781732,-1.5583672312052357,-0.6966810248539087,-0.22477331621552102,Avg,Avg,Low,Avg,Avg,Low
Alakazam,2025-08-15,205.0,33.9,21.3,96.8,53.1,356.0,22.2,15.2,95.3,32.0,-2.106896982154066,1.2051397358390274,1.019922095416983,0.09759857311903011,1.8251589048959722,Low,High,High,Avg,High,High
Alakazam,2025-09-30,198.0,19.8,17.3,98.8,29.0,345.2,23.0,15.7,95.4,33.5,-1.8445027345522622,-0.3270264090862042,0.27438517950579827,0.23109134037488252,-0.3618259185876581,Low,Avg,Avg,Avg,Avg,High
Bulbasaur,2024-01-20,491.0,32.1,15.9,70.9,27.3,,,,,,0.0,0.0,0.0,0.0,0.0,Avg,Avg,Avg,Avg,Avg,Avg
Bulbasaur,2024-03-19,452.0,36.6,14.0,109.9,31.4,491.0,32.1,15.9,70.9,27.3,0.0,0.0,0.0,0.0,0.0,Avg,Avg,Avg,Avg,Avg,Avg
Bulbasaur,2024-04-20,287.0,13.9,12.3,85.9,14.9,471.5,34.4,15.0,90.4,29.4,-6.6903180066111805,-6.4268149667843995,-1.9724557580466848,-0.16317848796612636,-4.984240482022256,Low,Low,Low,Avg,Low,Avg
Bulbasaur,2024-06-08,480.0,14.2,5.6,109.4,40.9,410.0,27.5,14.1,88.9,24.5,0.6464048070322861,-1.1093278618459914,-4.701285968409712,1.0420735639394645,1.90511961623125,Avg,Low,Low,High,High,Low
Bulbasaur,2024-06-11,304.0,39.5,5.4,112.3,26.7,427.5,24.2,12.0,94.0,28.6,-1.2987055371022203,1.2896209702687262,-1.4615827264955075,0.959106178549484,-0.17860158012178826,Low,High,Low,Avg,Avg,High
Bulbasaur,2024-09-17,438.0,18.7,32.1,67.7,39.4,402.8,27.3,10.6,97.7,28.2,0.35498194860523397,-0.6934345957316024,4.413452191923149,-1.628069185931384,1.190553247294246,Avg,Avg,High,Low,High,High
Bulbasaur,2025-02-20,508.0,12.8,8.2,76.5,39.8,408.7,25.8,14.2,92.7,30.1,1.105570646138004,-1.1254103089418008,-0.6151327095110334,-0.7886584092836493,1.0165458914168173,High,Low,Avg,Avg,High,Low
Bulbasaur,2025-03-04,387.0,39.0,21.5,72.8,49.2,422.9,24.0,13.4,90.4,31.5,-0.39751050172231417,1.2885359803457443,0.8837566897949096,-0.891699075869696,1.8743639322766705,Avg,High,Avg,Avg,High,High
Bulbasaur,2025-04-16,176.0,25.6,19.2,85.5,11.7,418.4,25.8,14.4,88.2,33.7,-2.8693731435928194,-0.020773448681642142,0.5359244679812589,-0.1387985341649815,-2.044563246953397,Low,Avg,Avg,Avg,Low,High
Bulbasaur,2025-08-01,237.0,19.7,9.6,71.7,27.3,391.4,25.8,14.9,87.9,31.3,-1.366683237474228,-0.543828240960524,-0.6194537603175644,-0.8962834188677676,-0.31762794294523,Low,Avg,Avg,Avg,Avg,High
Bulbasaur,2025-08-06,353.0,28.1,26.5,70.6,31.0,376.0,25.2,14.4,86.3,30.9,-0.19623824141145604,0.26786716856112736,1.4679967224386252,-0.8812655284688155,0.011856726559412436,Avg,Avg,High,Avg,Avg,High
Bulbasaur,2025-08-24,386.0,39.7,10.1,78.3,46.6,373.9,25.5,15.5,84.8,30.9,0.10853016873297153,1.385013132361531,-0.6226786338752889,-0.37336233005382585,1.4039959283278305,Avg,High,Avg,Avg,High,High
Bulbasaur,2025-10-23,208.0,28.2,16.5,115.9,22.5,374.9,26.7,15.0,84.3,32.2,-1.5705553112119972,0.1451592878348054,0.17489560277239666,1.8816335261122652,-0.8343821841861847,Low,Avg,Avg,High,Avg,High
Bulbasaur,2025-10-31,299.0,23.4,7.8,91.9,19.9,362.1,26.8,15.1,86.7,31.4,-0.5642431281461131,-0.33180747917643516,-0.9137872520864216,0.282625446035996,-1.0093758985585222,Avg,Avg,Avg,Avg,Low,Avg
Charizard,2024-01-04,463.0,26.0,27.5,74.4,54.7,,,,,,0.0,0.0,0.0,0.0,0.0,Avg,Avg,Avg,Avg,Avg,Avg
Charizard,2024-03-15,333.0,15.4,20.5,80.6,16.6,463.0,26.0,27.5,74.4,54.7,0.0,0.0,0.0,0.0,0.0,Avg,Avg,Avg,Avg,Avg,Avg
Charizard,2024-06-22,277.0,38.3,13.9,68.2,16.3,398.0,20.7,24.0,77.5,35.7,-1.3163064695934192,2.348128179034573,-2.0405081399954654,-2.121320343559646,-0.7182423210477531,Low,High,Low,Low,Avg,High
Charizard,2024-08-10,380.0,9.7,18.6,107.3,17.3,357.7,26.6,20.6,74.4,29.2,0.23404837131080924,-1.4717201808331661,-0.2989765059174582,5.306451612903229,-0.538847821218131,Avg,Low,Avg,High,Avg,Low
Charizard,2024-08-27,286.0,30.5,15.2,97.4,19.5,363.2,22.3,20.1,82.6,26.2,-0.9814784169652242,0.6469816323850547,-0.8724104943208536,0.8584471855821576,-0.3541718628762507,Avg,Avg,Avg,Avg,Avg,Avg
Charizard,2024-10-06,341.0,31.1,25.1,78.4,34.3,347.8,24.0,19.1,85.6,24.9,-0.08898435242668667,0.6190204484815499,1.111487742270361,-0.4403731329146727,0.5635043743479287,Avg,Avg,High,Avg,Avg,High
Charizard,2024-10-19,233.0,37.8,9.8,88.5,25.5,346.7,25.2,20.1,84.4,26.4,-1.6616323747366293,1.1817352007696909,-1.9214154252690858,0.276755677405993,-0.06153399559662888,Low,High,Low,Avg,Avg,High
Charizard,2024-10-27,222.0,29.4,20.4,69.4,13.6,330.4,27.0,18.7,85.0,26.3,-1.4305001916380484,0.2235311399775637,0.27781472682861114,-1.1392977881608681,-0.9018476861123752,Low,Avg,Avg,Low,Avg,High
Charizard,2024-12-28,407.0,23.5,20.6,78.0,12.7,316.9,27.3,18.9,83.0,24.7,1.1270799308512387,-0.37393915765208513,0.29534219949660545,-0.3641447759903414,-0.8710844473814876,High,Avg,Avg,Avg,Avg,Low
Charizard,2025-02-14,383.0,17.5,10.0,113.5,42.5,326.9,26.9,19.1,82.5,23.4,0.6961139969536994,-0.9820365576272431,-1.6503955029781936,2.3841659156266615,1.4134539823985408,Avg,Avg,Low,High,High,Low
Charizard,2025-03-11,345.0,21.1,20.0,94.7,33.6,332.5,25.9,18.2,85.6,25.3,0.1601737938669531,-0.5096999558544094,0.31080765759596424,0.5810350312258926,0.5883352667721785,Avg,Avg,Avg,Avg,Avg,Avg
Charizard,2025-05-25,397.0,17.5,19.0,83.0,26.0,333.6,25.5,18.3,86.4,26.1,0.8547483732435668,-0.8782603549595354,0.11920187222630037,-0.22428885024937165,-0.004006098183815762,Avg,Avg,Avg,Avg,Avg,Avg
Charizard,2025-06-16,309.0,21.8,29.2,72.0,25.7,338.9,24.8,18.4,86.1,26.0,-0.40976172459912014,-0.33644179395598683,2.0088669829478807,-0.9744470223175595,-0.026960447175387668,Avg,Avg,High,Avg,Avg,High
Charizard,2025-09-17,275.0,40.0,4.1,117.9,54.9,336.6,24.6,19.2,85.0,26.0,-0.875313046171332,1.7872214763748584,-2.5341839737161207,2.2806671642824456,2.3232235356514495,Avg,High,Low,High,High,Low
Charizard,2025-09-25,228.0,34.4,14.2,81.6,17.6,332.2,25.7,18.1,87.4,28.1,-1.4971857561154511,0.9416174956954644,-0.5613326396997507,-0.3523900364728348,-0.7374526099112126,Low,Avg,Avg,Avg,Avg,High
Charizard,2025-10-13,328.0,19.3,10.7,71.0,53.5,325.3,26.3,17.9,87.0,27.4,0.037820721807196624,-0.7574594827534867,-1.0499110036518016,-1.0076439239352388,1.8697073859619318,Avg,Avg,Low,Low,High,Low
Charizard,2025-12-15,282.0,11.8,13.0,81.0,24.3,325.4,25.8,17.4,86.0,29.0,-0.622103794526804,-1.5496218845134235,-0.6469362775106415,-0.3151320122930908,-0.3148080056984413,Avg,Low,Avg,Avg,Avg,Low
Dragonite,2024-01-11,398.0,25.6,22.9,95.4,45.6,,,,,,0.0,0.0,0.0,0.0,0.0,Avg,Avg,Avg,Avg,Avg,Avg
Dragonite,2024-02-22,218.0,9.8,11.2,87.6,41.7,398.0,25.6,22.9,95.4,45.6,0.0,0.0,0.0,0.0,0.0,Avg,Avg,Avg,Avg,Avg,Avg
Dragonite,2024-04-22,462.0,11.6,12.4,79.7,22.1,308.0,17.7,17.0,91.5,43.7,1.2099382700303145,-0.5459938437010052,-0.5620592363277683,-2.1394512866669864,-7.814436479266714,High,Avg,Avg,Low,Low,Low
Dragonite,2024-05-14,244.0,25.3,7.9,79.3,10.7,359.3,15.7,15.5,87.6,36.5,-0.9116381316528045,1.113748380096424,-1.1807450284077352,-1.0530714358400228,-2.0459832971151077,Avg,High,Low,Low,Low,Low
Dragonite,2024-06-17,242.0,8.3,21.0,70.4,54.2,330.5,18.1,13.6,85.5,30.0,-0.7480772982624042,-1.1434834354020207,1.141030059120049,-1.9798845151699478,1.4665909800937753,Avg,Low,High,Low,High,High
Dragonite,2024-06-28,226.0,22.3,4.2,104.4,14.7,312.8,16.1,15.1,82.5,34.9,-0.7902935929941027,0.7188136389965424,-1.6689747217615951,2.320557874448921,-1.1257950386038302,Avg,Avg,Low,High,Low,Low
Dragonite,2024-10-01,292.0,21.3,5.0,111.3,25.9,298.3,17.2,13.3,86.1,31.5,-0.06064490081153981,0.5127796268318654,-1.1278087968717752,2.0449038731946265,-0.3109786854223431,Avg,Avg,Low,High,Avg,Low
Dragonite,2024-11-04,376.0,22.1,18.2,116.2,41.0,297.4,17.7,12.1,89.7,30.7,0.8239110971355612,0.5769008306041503,0.8279593564662537,1.7982450686090898,0.6214411252181573,Avg,Avg,Avg,High,Avg,Avg
Dragonite,2024-12-03,383.0,10.8,16.7,108.0,23.2,307.2,18.3,12.8,93.0,32.0,0.8184151973137249,-1.0457263090652118,0.5369165110641512,0.9050180683858928,-0.5571907568426074,Avg,Low,Avg,Avg,Avg,Low
Dragonite,2025-01-11,326.0,34.8,28.1,74.5,51.1,315.7,17.5,13.3,94.7,31.0,0.11457812304779386,2.426620641874606,2.1704424548457997,-1.2431240008535922,1.3356545582721533,Avg,High,High,Low,High,High
Dragonite,2025-03-31,264.0,36.5,15.1,103.7,10.2,316.7,19.2,14.8,92.7,33.0,-0.6193379171010919,1.9922319040114755,0.04269225153098098,0.6639175320045485,-1.4686334893674178,Avg,High,Avg,Avg,Low,High
Dragonite,2025-09-11,363.0,21.0,14.6,106.4,40.1,311.9,20.8,14.8,93.7,30.9,0.6209903808345262,0.02422687746073204,-0.025265943658237346,0.79027297205984,0.5627472326152674,Avg,Avg,Avg,Avg,Avg,Avg
Dragonite,2025-11-10,387.0,33.1,24.5,77.4,32.0,316.2,20.8,14.8,94.7,31.7,0.8874253110474466,1.324020250561556,1.3498395847540696,-1.0991341325105577,0.018537272336781638,Avg,High,High,Low,Avg,High
Dragonite,2025-12-11,514.0,36.4,13.3,99.3,13.1,321.6,21.7,15.5,93.4,31.7,2.4381625218762637,1.537804132511463,-0.30015485035751466,0.3716817413616348,-1.2367383766410032,High,High,Avg,Avg,Low,High
Eevee,2024-01-21,222.0,28.9,15.7,83.0,41.4,,,,,,0.0,0.0,0.0,0.0,0.0,Avg,Avg,Avg,Avg,Avg,Avg
Eevee,2024-01-21,463.0,16.7,4.2,113.0,53.7,222.0,28.9,15.7,83.0,41.4,0.0,0.0,0.0,0.0,0.0,Avg,Avg,Avg,Avg,Avg,Avg
Eevee,2024-02-01,264.0,34.1,20.0,100.8,13.0,342.5,22.8,10.0,98.0,47.6,-0.46064632633314506,1.3098863323619658,1.235899678421705,0.13199326582148874,-3.972445413007349,Avg,High,High,Avg,Low,High
Eevee,2024-02-14,397.0,25.9,14.2,66.6,41.3,316.3,26.6,13.3,98.9,36.0,0.6265793485056153,-0.07464141626325134,0.1101747178574458,-2.14314536873828,0.252307652884961,Avg,Avg,Avg,Low,Avg,Avg
Eevee,2024-03-26,226.0,28.8,6.2,84.6,49.9,336.5,26.4,13.5,90.8,37.4,-0.9814438380021734,0.3287568414430289,-1.09573743914823,-0.3075039279572614,0.7277145776913343,Avg,Avg,Low,Avg,Avg,Low
Eevee,2024-05-26,351.0,27.0,13.6,86.4,18.1,314.4,26.9,12.1,89.6,39.9,0.33481881349470327,0.01871303076865414,0.23151220859830907,-0.1795487494569581,-1.3638331763426343,Avg,Avg,Avg,Avg,Low,Avg
Eevee,2024-07-09,512.0,31.7,10.9,65.4,26.2,320.5,26.9,12.3,89.1,36.2,1.9361518280270476,0.8368416525052874,-0.2367906668867925,-1.4796908166655731,-0.5968769072339876,High,Avg,Avg,Low,Avg,Low
Eevee,2024-07-29,448.0,22.9,19.7,103.4,34.7,347.9,27.6,12.1,85.7,34.8,0.8653885732285275,-0.845569606786483,1.3823141832622785,1.0345299611886603,-0.006326411339918918,Avg,Avg,High,High,Avg,High
Eevee,2024-09-14,415.0,17.4,16.6,92.0,27.3,360.4,27.0,13.1,87.9,34.8,0.4841147473560322,-1.7806588928253648,0.6157480645732514,0.24053762914466595,-0.5116422367497651,Avg,Low,Avg,Avg,Avg,Low
Eevee,2024-09-16,201.0,27.7,6.7,86.1,25.8,366.4,25.9,13.5,88.4,34.0,-1.5446739607504283,0.29579296557040313,-1.227871351734166,-0.14094806002079782,-0.5861086502031797,Low,Avg,Low,Avg,Avg,Low
Eevee,2024-09-17,171.0,20.3,12.0,104.2,50.2,349.9,26.1,12.8,88.1,33.1,-1.5730354230813077,-1.0267357572572557,-0.13904059935299626,1.063929711542178,1.2759863056074239,Low,Low,Avg,High,High,Low
Eevee,2024-09-21,379.0,34.3,8.6,66.2,54.8,333.6,25.6,12.7,89.6,34.7,0.3760707707508391,1.5438843240862414,-0.7713436369660348,-1.5463736186892088,1.4691837826029126,Avg,High,Avg,Low,High,High
Eevee,2025-06-20,370.0,23.2,12.7,79.7,50.3,337.4,26.3,12.4,87.6,36.4,0.28148580190047495,-0.5229990950615987,0.0639066297446024,-0.49869828335807725,0.9755096208944923,Avg,Avg,Avg,Avg,Avg,Avg
Eevee,2025-07-30,516.0,39.8,24.9,83.6,48.9,339.9,26.1,12.4,87.0,37.4,1.5835021744627853,2.3858029679311237,2.5041724383309862,-0.2227033756978127,0.8065490335303599,High,High,High,Avg,Avg,Avg
Eevee,2025-09-30,341.0,14.1,11.0,75.8,32.8,352.5,27.0,13.3,86.8,38.3,-0.09851158201943958,-1.9513735952372164,-0.3908325708691793,-0.7408202818325264,-0.39000457721662296,Avg,Low,Avg,Avg,Avg,Low
Eevee,2025-11-11,181.0,11.5,17.9,71.8,52.3,351.7,26.2,13.1,86.1,37.9,-1.5172210963656907,-2.035196816172385,0.8412159749847387,-0.9783664614706581,1.0626782240278143,Low,Low,Avg,Avg,High,Low
Eevee,2025-11-24,349.0,23.1,9.0,69.9,51.0,341.1,25.3,13.4,85.2,38.8,0.06796181132324816,-0.27524300783586875,-0.7909463475274203,-1.051239167156543,0.8986122925939558,Avg,Avg,Avg,Low,Avg,Avg
Garchomp,2024-01-08,196.0,32.6,11.8,70.8,26.0,,,,,,0.0,0.0,0.0,0.0,0.0,Avg,Avg,Avg,Avg,Avg,Avg
Garchomp,2024-01-15,237.0,22.6,13.3,96.9,33.5,196.0,32.6,11.8,70.8,26.0,0.0,0.0,0.0,0.0,0.0,Avg,Avg,Avg,Avg,Avg,Avg
Garchomp,2024-04-09,386.0,33.5,26.6,71.4,54.2,216.5,27.6,12.6,83.8,29.8,5.846565824932673,0.8343860018001259,13.246467034227992,-0.6745961245802685,4.61033621333629,High,Avg,High,Avg,High,High
Garchomp,2024-04-17,234.0,9.3,21.4,94.7,44.6,273.0,29.6,17.2,79.7,37.9,-0.3900585131657915,-3.349824126254354,0.5114752960001786,1.006802112289156,0.4587212256841515,Avg,Low,Avg,High,Avg,Low
Garchomp,2024-07-23,267.0,19.5,20.3,67.4,21.5,263.2,24.5,18.3,83.4,39.6,0.044677960270167835,-0.44352694586405483,0.29052606232210204,-1.123091830291055,-1.459168592077884,Avg,Avg,Avg,Low,Low,Avg
Garchomp,2024-12-21,506.0,28.3,5.3,102.0,16.5,264.0,23.5,18.7,80.2,36.0,3.3283673087031436,0.47924578137450474,-2.1920586637406894,1.5209235881902383,-1.4487614656075316,High,Avg,Low,High,Low,Low
Garchomp,2025-02-16,476.0,29.2,17.4,79.8,52.0,304.3,24.3,16.4,83.9,32.7,1.4513734913430492,0.5343412956837925,0.1230109762718457,-0.2610537488986372,1.3388180255027418,High,Avg,Avg,Avg,High,Low
Garchomp,2025-04-06,274.0,35.3,15.4,118.6,38.2,328.9,25.0,16.6,83.3,35.5,-0.435481924513297,1.2013619153526187,-0.16796870870331468,2.4689383573054466,0.18150225400447104,Avg,High,Avg,High,Avg,High
Garchomp,2025-06-09,369.0,34.6,8.8,114.1,23.5,322.0,26.3,16.4,87.7,35.8,0.3975430974102845,0.951838852972315,-1.166222287944503,1.4505306831304945,-0.8825221483212862,Avg,Avg,Low,High,Avg,Low
Garchomp,2025-06-22,463.0,18.8,15.9,120.0,34.9,327.2,27.2,15.6,90.6,34.4,1.2156157875312146,-0.975067037748582,0.046897175882143864,1.532337873277789,0.03329947659794832,High,Avg,Avg,High,Avg,Low
Garchomp,2025-07-09,236.0,12.8,9.9,112.7,35.9,340.8,26.4,15.6,93.6,34.5,-0.9215322205087247,-1.5858833749470198,-0.9144284665757642,0.9416524956401185,0.10931112080603539,Avg,Low,Avg,Avg,Avg,Low
Garchomp,2025-11-13,493.0,12.5,12.5,65.6,15.3,331.3,25.1,15.1,95.3,34.6,1.438600936310871,-1.3900679759860795,-0.4207251934459175,-1.4767837577476013,-1.5777140707625077,High,Low,Avg,Low,Low,Low
Garchomp,2025-12-12,519.0,8.3,21.6,78.8,32.1,344.8,24.1,14.9,92.8,33.0,1.4904091157557904,-1.6784075632908164,1.1307853726801884,-0.6678970074547202,-0.07020588521544484,High,Low,High,Avg,Avg,Low
Gengar,2024-01-03,247.0,22.6,6.6,110.6,34.5,,,,,,0.0,0.0,0.0,0.0,0.0,Avg,Avg,Avg,Avg,Avg,Avg
Gengar,2024-01-06,479.0,30.1,29.4,74.5,33.9,247.0,22.6,6.6,110.6,34.5,0.0,0.0,0.0,0.0,0.0,Avg,Avg,Avg,Avg,Avg,Avg
Gengar,2024-02-05,215.0,33.4,5.0,108.3,14.8,363.0,26.4,18.0,92.6,34.2,-0.9021707208242159,1.3293607486307089,-0.8063498381951858,0.6170045320602839,-45.726238516729694,Avg,High,Avg,Avg,Low,High
Gengar,2024-02-21,273.0,23.4,20.0,102.0,40.1,313.7,28.7,13.7,97.8,27.7,-0.28226224810333894,-0.9576402055594527,0.4640167836749189,0.20780623586156857,1.103712159418449,Avg,Avg,Avg,Avg,High,Avg
Gengar,2024-06-28,503.0,14.6,6.1,80.8,19.7,303.5,27.4,15.2,98.8,30.8,1.6711293700774612,-2.438647744978091,-0.7897817319651212,-1.085035264919946,-1.007502695771824,High,Low,Avg,Low,Low,Low
Gengar,2024-07-01,459.0,18.7,6.5,73.6,50.6,343.4,24.8,13.4,95.2,28.6,0.8465105760068763,-0.8388915634799844,-0.6386307875973163,-1.3104013625376716,2.0408900896431055,Avg,Avg,Avg,Low,High,Avg
Gengar,2024-08-09,452.0,10.2,12.2,77.3,26.0,362.7,23.8,12.3,91.6,32.3,0.682226763182755,-1.9464355177883046,-0.006603876146790312,-0.8328005234499475,-0.47558525434716736,Avg,Low,Avg,Avg,Avg,Low
Gengar,2024-10-23,464.0,9.3,5.9,68.2,33.4,375.4,21.9,12.3,89.6,31.4,0.7130666442431268,-1.5328848869836975,-0.6898285256385,-1.2868070178001347,0.165467303676322,Avg,Low,Avg,Low,Avg,Low
Gengar,2024-11-02,214.0,9.5,11.7,91.7,40.3,386.5,20.3,11.5,86.9,31.6,-1.4473257756013538,-1.2275191989070973,0.026918246023584,0.2792555013666661,0.7627802813665885,Low,Low,Avg,Avg,Avg,Low
Gengar,2024-11-04,377.0,17.6,26.2,76.6,39.8,367.3,19.1,11.5,87.4,32.6,0.0770607123998774,-0.16593876929117055,1.7823977043462484,-0.6729092047833959,0.6541080884427122,Avg,Avg,High,Avg,Avg,High
Gengar,2024-11-18,362.0,17.5,19.8,90.8,32.6,368.3,18.9,13.0,86.4,33.3,-0.053251036700542695,-0.1699623385862208,0.7544607148696421,0.2850488368133975,-0.06672268991663392,Avg,Avg,Avg,Avg,Avg,Avg
Gengar,2025-01-08,363.0,37.1,23.3,94.2,20.8,367.7,18.8,13.6,86.8,33.2,-0.04211285960606704,2.272330781127438,1.0987652502768561,0.501188082531124,-1.2325571897190086,Avg,High,High,Avg,Low,High
Gengar,2025-06-30,238.0,34.2,13.3,81.8,32.1,367.3,20.3,14.4,87.4,32.2,-1.2083022624555544,1.4885251847205105,-0.12283275642537962,-0.39019953144091435,-0.010542494643054184,Low,High,Avg,Avg,Avg,High
Gengar,2025-12-03,176.0,9.8,8.6,116.9,19.6,357.4,21.4,14.3,87.0,32.2,-1.6705650124132378,-1.1942801583895226,-0.6703540256557292,2.1720592509785104,-1.2806901904897752,Low,Low,Avg,High,Low,Low
Greninja,2024-03-15,170.0,22.1,19.2,90.0,17.1,,,,,,0.0,0.0,0.0,0.0,0.0,Avg,Avg,Avg,Avg,Avg,Avg
Greninja,2024-03-29,496.0,33.3,18.3,76.6,33.6,170.0,22.1,19.2,90.0,17.1,0.0,0.0,0.0,0.0,0.0,Avg,Avg,Avg,Avg,Avg,Avg
Greninja,2024-04-04,472.0,10.7,14.1,102.7,43.7,333.0,27.7,18.8,83.3,25.4,0.6029928992940496,-2.1465741571734487,-7.306770072261004,2.0474435156744804,1.572776901184624,Avg,Low,Low,High,High,Low
Greninja,2024-05-25,458.0,29.6,14.6,86.9,41.2,379.3,22.0,17.2,89.8,31.5,0.4329845218107624,0.669607779212556,-0.9551338658818385,-0.219641613711818,0.7248693202784207,Avg,Avg,Avg,Avg,Avg,Avg
Greninja,2024-09-15,384.0,15.4,18.2,69.0,26.1,399.0,23.9,16.6,89.0,33.9,-0.09773836503066653,-0.8548863262250271,0.6408069008390088,-1.864679322312891,-0.6502559381215354,Avg,Avg,Avg,Low,Avg,Avg
Greninja,2024-09-22,287.0,32.9,10.6,68.6,18.6,396.0,22.2,16.9,85.0,32.3,-0.8190628295131,1.1313343501996238,-2.6736721466683657,-1.2717352093241046,-1.2538511081334132,Avg,High,Low,Low,Low,Low
Greninja,2024-12-23,426.0,14.7,21.9,69.1,12.9,377.8,24.0,15.8,82.3,30.0,0.379039945379753,-0.9786546291014305,1.8302784197632695,-0.9873426873742177,-1.5186449203433219,Avg,Avg,High,Avg,Low,High
Greninja,2025-07-02,370.0,14.0,8.6,110.9,50.8,384.7,22.7,16.7,80.4,27.6,-0.12530973097079878,-0.9264375970466233,-2.1335498945739344,2.3121920185320417,1.9051412095255118,Avg,Avg,Low,High,High,Low
Greninja,2025-07-13,432.0,21.1,17.6,88.0,44.7,382.9,21.6,15.7,84.2,30.5,0.4513618852730835,-0.053035306237615605,0.42182959301208256,0.23181925050282087,1.0184811143814003,Avg,Avg,Avg,Avg,High,Avg
Greninja,2025-07-24,233.0,39.6,10.2,87.9,10.8,388.3,21.5,15.9,84.6,32.1,-1.5063876796132991,2.100810699958083,-1.3290902537231235,0.21299863201932062,-1.5336179001209849,Low,High,Low,Avg,Low,High
Greninja,2025-10-09,351.0,32.5,11.0,101.9,40.3,372.8,23.3,15.3,85.0,30.0,-0.20013986545979837,0.9235088966127588,-0.978099981765959,1.1718699918801807,0.7036087538602686,Avg,Avg,Avg,High,Avg,Avg
Greninja,2025-10-17,162.0,21.5,6.9,90.3,31.7,370.8,24.2,14.9,86.5,30.9,-2.016728091366576,-0.27254262008942665,-1.8272701798146294,0.25920122794568423,0.05658104156394457,Low,Avg,Low,Avg,Avg,Low
Greninja,2025-12-09,175.0,11.8,5.6,78.8,53.5,353.4,24.0,14.3,86.8,31.0,-1.5424214683253623,-1.2950271329129113,-1.8084597193564738,-0.5737224387237057,1.653073892532474,Low,Low,Low,Avg,High,Avg
Jigglypuff,2024-01-24,160.0,18.0,23.9,67.3,30.4,,,,,,0.0,0.0,0.0,0.0,0.0,Avg,Avg,Avg,Avg,Avg,Avg
Jigglypuff,2024-04-17,273.0,32.7,16.0,98.9,40.5,160.0,18.0,23.9,67.3,30.4,0.0,0.0,0.0,0.0,0.0,Avg,Avg,Avg,Avg,Avg,Avg
Jigglypuff,2024-06-06,266.0,37.6,19.6,81.1,44.0,216.5,25.4,20.0,83.1,35.4,0.6195006313050283,1.1785113019775788,-0.06265503124437725,-0.08950718749196801,1.1971807879495011,Avg,High,Avg,Avg,High,High
Jigglypuff,2024-07-10,409.0,18.8,20.5,99.8,39.2,233.0,29.4,19.8,82.4,38.3,2.7796789591585975,-1.0424669604861796,0.16855595137377627,1.0962325143961769,0.12744500695387556,High,Low,Avg,High,Avg,Low
Jigglypuff,2024-07-25,517.0,17.2,28.4,65.2,20.8,277.0,26.8,20.0,86.8,38.5,2.351510153071851,-0.9690562601950197,2.587372635261529,-1.3848468591588734,-3.0647396892662364,High,Avg,High,Low,Low,High
Jigglypuff,2024-08-26,466.0,9.5,11.9,114.0,47.5,325.0,24.9,21.7,82.5,35.0,1.014086738194736,-1.605251435743502,-2.084297864564295,1.901473806239815,1.3352283645047192,High,Low,Low,High,High,Low
Jigglypuff,2024-10-23,262.0,27.1,7.7,81.6,40.3,348.5,22.3,20.0,87.7,37.1,-0.6312103260231617,0.4524116317656854,-2.1320055751132814,-0.31136979930593484,0.3292083542920179,Avg,Avg,Low,Avg,Avg,Low
Jigglypuff,2025-04-16,233.0,33.5,9.5,97.3,13.5,336.1,23.0,18.3,86.8,37.5,-0.7977022408433185,1.0670245680178057,-1.2455876625444977,0.578343648061628,-2.6554709833831605,Avg,High,Low,Avg,Low,Low
Jigglypuff,2025-05-11,174.0,18.5,27.2,78.2,27.9,323.2,24.3,17.2,88.2,34.5,-1.192667682452744,-0.5887620558472365,1.3845928513756685,-0.5804001416201058,-0.5552667892604202,Low,Avg,High,Avg,Avg,High
Jigglypuff,2025-10-12,270.0,27.2,25.6,85.0,12.4,306.7,23.7,18.3,87.0,33.8,-0.2882808050473818,0.3764454043342009,0.9678004266767695,-0.12484757598195836,-1.880011458814158,Avg,Avg,Avg,Avg,Low,Avg
Lucario,2024-02-20,433.0,19.7,10.7,96.4,29.5,,,,,,0.0,0.0,0.0,0.0,0.0,Avg,Avg,Avg,Avg,Avg,Avg
Lucario,2024-02-27,491.0,32.5,26.8,70.8,29.5,433.0,19.7,10.7,96.4,29.5,0.0,0.0,0.0,0.0,0.0,Avg,Avg,Avg,Avg,Avg,Avg
Lucario,2024-07-11,161.0,34.5,11.9,71.6,43.6,462.0,26.1,18.8,83.6,29.5,-7.339280728867269,0.9280776503073435,-0.6016995591463168,-0.6629126073623882,0.0,Low,Avg,Avg,Avg,Avg,High
Lucario,2024-07-20,497.0,36.6,12.2,102.1,45.3,361.7,28.9,16.5,79.6,34.2,0.7681297664185499,0.958910801669432,-0.4757115389102137,1.545889809176191,1.3635293591499673,Avg,Avg,Avg,High,High,Avg
Lucario,2024-07-31,468.0,26.7,16.9,88.5,32.2,395.5,30.8,15.4,85.2,37.0,0.456047004958492,-0.542532298903915,0.19665473178609338,0.20013120138352058,-0.5514338447779016,Avg,Avg,Avg,Avg,Avg,Avg
Lucario,2024-11-24,396.0,29.2,14.5,68.9,37.8,410.0,30.0,15.7,85.9,36.0,-0.09898010346395622,-0.1169910761148248,-0.18073231998428024,-1.1918005276830392,0.2282858154597913,Avg,Avg,Avg,Low,Avg,Avg
Lucario,2025-08-19,499.0,22.0,14.7,110.4,25.1,407.7,29.9,15.5,83.0,36.3,0.721209476733422,-1.284370146162441,-0.13425389098062718,1.885341765767367,-1.5996790149471487,Avg,Low,Avg,High,Low,Low
Lucario,2025-08-31,374.0,14.0,16.9,117.7,36.9,420.7,28.7,15.4,87.0,34.7,-0.38719089607794355,-2.3280590924045446,0.2779491980722342,1.8299659354620283,0.2846890622673508,Avg,Low,Avg,High,Avg,Low
Lucario,2025-10-03,450.0,11.7,11.5,70.3,30.5,414.9,26.9,15.6,90.8,35.0,0.3110776746313524,-1.9375582178931194,-0.8033888597763669,-1.0803677008585495,-0.6276300507835024,Avg,Low,Avg,Low,Avg,Low
Lucario,2025-10-17,376.0,10.9,15.6,73.2,10.6,418.8,25.2,15.1,88.5,34.5,-0.4025451738835802,-1.6048414535152076,0.09680873458383564,-0.8056080979884374,-3.485716734769621,Avg,Low,Avg,Avg,Low,Low
Lucario,2025-10-18,389.0,28.5,6.2,103.0,48.0,414.5,23.8,15.2,87.0,32.1,-0.2522260539509146,0.4943391645518254,-1.9267637839872693,0.861920417411552,1.5994828310978215,Avg,Avg,Low,Avg,High,Low
Lucario,2025-10-26,341.0,28.1,14.0,107.1,24.0,412.2,24.2,14.4,88.4,33.5,-0.7397869237756078,0.4243438190417518,-0.06845996091425091,1.0210023009406441,-0.9022881060266317,Avg,Avg,Avg,High,Avg,Avg
Lucario,2025-11-30,326.0,33.2,3.7,115.7,45.0,406.2,24.5,14.3,90.0,32.8,-0.8535905844559621,0.9832415344704637,-2.1512789883616197,1.4094637893648472,1.1715261047907772,Avg,Avg,Low,High,High,Low
Machamp,2024-01-07,287.0,38.2,17.8,68.8,15.0,,,,,,0.0,0.0,0.0,0.0,0.0,Avg,Avg,Avg,Avg,Avg,Avg
Machamp,2024-03-21,163.0,26.4,12.0,101.2,12.6,287.0,38.2,17.8,68.8,15.0,0.0,0.0,0.0,0.0,0.0,Avg,Avg,Avg,Avg,Avg,Avg
Machamp,2024-03-25,161.0,33.3,8.5,115.5,18.3,225.0,32.3,14.9,85.0,13.8,-0.7299166773538556,0.11984860698077078,-1.560511517101346,1.331281285567265,2.651650429449552,Avg,Avg,Low,High,High,Low
Machamp,2024-04-01,210.0,14.7,9.2,74.4,51.1,203.7,32.6,12.8,95.2,15.3,0.08774881743465726,-3.025098672742534,-0.7593237078659468,-0.8679010151843076,12.509532384881558,Avg,Low,Avg,Avg,High,Low
Machamp,2024-04-27,352.0,14.6,4.7,107.6,13.5,205.2,28.2,11.9,90.0,24.2,2.4866036577884993,-1.3297740946603018,-1.696394478716206,0.79662627390192,-0.5955061815279579,High,Low,Low,Avg,Avg,Low
Machamp,2024-08-18,387.0,32.2,11.3,78.9,10.6,234.6,25.4,10.4,93.5,22.1,1.8321198777050967,0.6314917065972614,0.1766058968776514,-0.7046893432369704,-0.7031108034824392,High,Avg,Avg,Avg,Avg,Low
Machamp,2024-09-11,286.0,13.8,22.3,70.4,41.4,260.0,26.6,10.6,91.1,20.2,0.2680782788650576,-1.281218809544057,2.6813864252779767,-1.0616780782252704,1.3809303603512748,Avg,Low,High,Low,High,High
Machamp,2024-12-05,331.0,19.9,6.8,90.1,42.0,263.7,24.7,12.3,88.1,23.2,0.7553406993177402,-0.47032176767318856,-0.915611794126672,0.10229824282780717,1.1627662155613596,Avg,Avg,Avg,Avg,High,Avg
Machamp,2025-06-09,250.0,32.4,9.9,116.7,54.9,272.1,24.1,11.6,88.4,25.6,-0.2577636234856942,0.8530687070045049,-0.28654166677868903,1.5756334716982126,1.792599260177004,Avg,Avg,Avg,High,High,Avg
Machamp,2025-06-19,489.0,21.7,11.7,102.8,27.8,269.7,25.1,11.4,91.5,28.8,2.7202859339400534,-0.3543563143612731,0.056602051587203876,0.5851081047045942,-0.05627195500032891,High,Avg,Avg,Avg,Avg,Low
Machamp,2025-06-20,404.0,25.2,26.1,68.7,53.4,291.6,24.7,11.4,92.6,28.7,1.092272727769317,0.053388434611255274,2.8323095465504196,-1.291454266276305,1.440757074274671,High,Avg,High,Low,High,High
Machamp,2025-06-29,161.0,39.2,6.3,114.8,36.0,301.8,24.8,12.8,90.5,31.0,-1.3626809316526958,1.6923103004169209,-0.9756267613692063,1.2802079275996066,0.2817780151912531,Low,High,Avg,High,Avg,High
Machamp,2025-08-09,411.0,8.1,8.8,105.1,34.5,290.1,26.0,12.2,92.5,31.4,1.1344490132713358,-1.954978516953876,-0.5194595653820138,0.6486127386109526,0.18222250032344392,High,Low,Avg,Avg,Avg,Low
Mewtwo,2024-03-07,333.0,22.4,12.9,116.1,14.7,,,,,,0.0,0.0,0.0,0.0,0.0,Avg,Avg,Avg,Avg,Avg,Avg
Mewtwo,2024-03-25,418.0,9.4,25.2,68.6,24.8,333.0,22.4,12.9,116.1,14.7,0.0,0.0,0.0,0.0,0.0,Avg,Avg,Avg,Avg,Avg,Avg
Mewtwo,2024-05-10,380.0,27.5,7.1,68.4,13.2,375.5,15.9,19.0,92.4,19.8,0.07487012977269326,1.2619136402713775,-1.3739717130372755,-0.7130613646070655,-0.9171384983706705,Avg,High,Low,Avg,Avg,Low
Mewtwo,2024-05-19,259.0,25.5,15.8,113.7,37.5,377.0,19.8,15.1,84.4,17.6,-2.771297214576023,0.6143131395916318,0.07934383156650196,1.0673631793247353,3.159513442495784,Low,Avg,Avg,High,High,High
Mewtwo,2024-06-19,234.0,29.9,8.6,73.7,38.5,347.5,21.2,15.2,91.7,22.6,-1.6573906102491562,1.0685778371207773,-0.8801708526911167,-0.6714641883969495,1.4216725279312203,Low,High,Avg,Avg,High,High
Mewtwo,2024-09-03,197.0,28.3,5.8,100.9,45.7,324.8,22.9,13.9,88.1,25.7,-1.6371569610583672,0.6655792199002957,-1.129773643517862,0.5209259625463708,1.6559725647958399,Low,Avg,Low,Avg,High,Low
Mewtwo,2025-02-09,468.0,20.7,15.6,115.3,32.5,303.5,23.8,12.6,90.2,29.1,1.8873045232781342,-0.41622430619344525,0.4193806672765972,1.1096240438210747,0.2540585843447975,High,Avg,Avg,High,Avg,Low
Mewtwo,2025-04-24,295.0,31.1,15.1,107.6,42.5,327.0,23.4,13.0,93.8,29.6,-0.31689899886585904,1.1062469606614278,0.3133630367250916,0.6074545828952373,1.0433959549169451,Avg,High,Avg,Avg,High,High
Mewtwo,2025-05-18,260.0,39.2,22.0,76.5,37.6,323.0,24.4,13.3,95.5,31.2,-0.6690024484624211,2.1188356652999856,1.3983036646257727,-0.8826451632938549,0.5197180622904359,Avg,High,High,Avg,Avg,High
Mewtwo,2025-07-09,312.0,32.9,14.2,73.5,17.7,316.0,26.0,14.2,93.4,31.9,-0.044171263765595825,0.83995014432548,-0.0051042502220325185,-0.9419443618318021,-1.2064683346897158,Avg,Avg,Avg,Avg,Low,Avg
Mewtwo,2025-10-04,299.0,14.8,4.3,104.0,51.8,315.6,26.7,14.2,91.4,30.5,-0.19440907077614458,-1.4776692859673124,-1.6127909743193218,0.6010891144537255,1.7832186338828004,Avg,Low,Low,Avg,High,Low
Mewtwo,2025-10-31,210.0,38.3,26.7,72.2,46.8,314.1,25.6,13.3,92.6,32.4,-1.2825448647493431,1.5048318589873004,2.037375798410634,-1.0086668200978204,1.103307621855415,Low,High,High,Low,High,High
Mewtwo,2025-11-06,319.0,9.5,20.5,79.6,23.5,305.4,26.7,14.4,90.9,33.6,0.1636309576582935,-1.94276129702481,0.8239153352242521,-0.5599499846857053,-0.7709265534075519,Avg,Low,Avg,Avg,Avg,Low
Pikachu,2024-03-21,184.0,27.7,24.4,65.7,22.7,,,,,,0.0,0.0,0.0,0.0,0.0,Avg,Avg,Avg,Avg,Avg,Avg
Pikachu,2024-09-15,269.0,31.1,6.9,116.6,45.6,184.0,27.7,24.4,65.7,22.7,0.0,0.0,0.0,0.0,0.0,Avg,Avg,Avg,Avg,Avg,Avg
Pikachu,2024-09-16,187.0,35.2,14.2,77.2,28.2,226.5,29.4,15.6,91.2,34.2,-0.6571933613380854,2.4124819593423377,-0.1171776951680564,-0.387588982222096,-0.36744850201397,Avg,High,Avg,Avg,Avg,High
Pikachu,2024-12-18,335.0,21.4,19.4,111.5,31.6,213.3,31.3,15.2,86.5,32.2,2.5225259225899013,-2.6450514497206687,0.4816102771886412,0.9365398072473818,-0.047403071959663,High,Low,Avg,Avg,Avg,Low
Pikachu,2025-05-14,490.0,17.9,15.4,116.3,16.1,243.8,28.8,16.2,92.8,32.0,3.3980605124387635,-1.875979345057373,-0.11025592744053864,0.9372903881007871,-1.6308761819212134,High,Low,Avg,Avg,Low,Low
Pikachu,2025-06-10,370.0,31.1,18.6,79.7,47.3,293.0,26.7,16.1,97.5,28.8,0.6074773447334153,0.6308638674930903,0.3913346430951925,-0.7346668753764304,1.6696962094707533,Avg,Avg,Avg,Avg,High,Avg
Pikachu,2025-08-05,389.0,37.1,20.6,65.3,34.4,305.8,27.4,16.5,94.5,31.9,0.7069029734996072,1.4807520964247756,0.6980643875158342,-1.2804012953366823,0.19973585146892484,Avg,High,Avg,Low,Avg,High
Pikachu,2025-08-26,489.0,21.6,19.5,106.5,52.3,317.7,28.8,17.1,90.3,32.3,1.5306446726846143,-1.0244271706920474,0.4333807256598775,0.6863096722172481,1.7586587618062828,High,Low,Avg,Avg,High,Low
Pikachu,2025-09-27,305.0,30.3,18.6,114.4,33.3,339.1,27.9,17.4,92.4,34.8,-0.28436530268788673,0.3459622739689257,0.23294879847199093,0.9777497985983593,-0.11613324655428373,Avg,Avg,Avg,Avg,Avg,Avg
Pikachu,2025-12-01,316.0,16.2,12.9,117.5,43.3,335.3,28.2,17.5,94.8,34.6,-0.1713516428321842,-1.8190792765990715,-0.9341890187310451,1.0161584711571838,0.7307236943337173,Avg,Low,Avg,High,Avg,Low
Pikachu,2025-12-07,246.0,35.5,19.3,71.3,37.4,333.4,27.0,17.0,97.1,35.5,-0.8202630309315032,1.1765124272654253,0.46137199455374334,-1.158142659344455,0.1663409311177829,Avg,High,Avg,Low,Avg,High
Snorlax,2024-02-06,178.0,8.4,7.3,91.2,12.8,,,,,,0.0,0.0,0.0,0.0,0.0,Avg,Avg,Avg,Avg,Avg,Avg
Snorlax,2024-02-27,184.0,14.0,14.5,105.1,30.2,178.0,8.4,7.3,91.2,12.8,0.0,0.0,0.0,0.0,0.0,Avg,Avg,Avg,Avg,Avg,Avg
Snorlax,2024-03-29,234.0,16.8,11.0,115.5,25.4,181.0,11.2,10.9,98.2,21.5,12.49221980096234,1.4142135623730951,0.019641855032959586,1.7652234033937566,0.31697890191121086,High,High,Avg,High,Avg,High
Snorlax,2024-10-07,335.0,18.1,18.2,82.4,46.7,198.7,13.1,10.9,103.9,22.8,4.434141698221423,1.1768179080583874,2.0182589854388837,-1.7661945705104076,2.659498476146594,High,High,High,Low,High,Avg
Snorlax,2024-10-25,175.0,29.8,24.8,83.4,27.8,232.8,14.3,12.8,98.6,28.8,-0.7949903749850517,3.595031613897805,2.5782652208236643,-1.0331813792839235,-0.06952899023873947,Avg,High,High,Low,Avg,High
Snorlax,2025-01-21,349.0,18.7,9.0,73.1,26.1,221.2,17.4,15.2,95.5,28.6,1.8792695243420419,0.16283353214902735,-0.9139928641796419,-1.557669512445151,-0.2040810135193723,High,Avg,Avg,Low,Avg,Low
Snorlax,2025-02-11,407.0,11.8,9.4,82.7,34.2,242.5,17.6,14.1,91.8,28.2,2.052740888008893,-0.8273884877040059,-0.7246746854954281,-0.5750446454967014,0.5526971350936518,High,Avg,Avg,Avg,Avg,Low
Snorlax,2025-03-08,300.0,13.7,16.5,93.0,41.8,266.0,16.8,13.5,90.5,29.0,0.35414104975103033,-0.4556688902684892,0.48879831456417366,0.16962439194696663,1.2493277484844723,Avg,Avg,Avg,Avg,High,Avg
Snorlax,2025-06-07,391.0,11.8,13.2,119.9,48.0,270.2,16.4,13.8,90.8,30.6,1.3462390604655692,-0.7214725784794991,-0.10873377747751152,2.1160738515225423,1.6569263938007877,High,Avg,Avg,High,High,Low
Snorlax,2025-10-06,406.0,36.2,8.5,87.8,48.5,283.7,15.9,13.8,94.0,32.6,1.314614448788284,3.287584112650347,-0.9596001909352408,-0.386898713946536,1.399711427735613,High,High,Avg,Avg,High,High
Squirtle,2024-02-05,249.0,39.5,19.6,88.4,31.6,,,,,,0.0,0.0,0.0,0.0,0.0,Avg,Avg,Avg,Avg,Avg,Avg
Squirtle,2024-02-08,512.0,27.9,14.5,115.3,22.3,249.0,39.5,19.6,88.4,31.6,0.0,0.0,0.0,0.0,0.0,Avg,Avg,Avg,Avg,Avg,Avg
Squirtle,2024-03-22,416.0,24.3,15.1,71.7,52.2,380.5,33.7,17.0,101.8,27.0,0.1908919447309691,-1.146000645371301,-0.5407287150250071,-1.5850757957453088,3.839665854830176,Avg,Low,Avg,Low,High,Low
Squirtle,2024-04-06,270.0,38.3,4.1,118.2,18.6,392.3,30.6,16.4,91.8,35.4,-0.919193450385129,0.9735875102836576,-4.412600420505178,1.2001115858102462,-1.095735751395056,Avg,Avg,Low,High,Low,Low
Squirtle,2024-04-18,426.0,34.1,17.9,110.9,38.6,361.8,32.5,13.3,98.4,31.2,0.5152449619125646,0.21190039490765622,0.6976606787327532,0.5607881432481785,0.4934934888509571,Avg,Avg,Avg,Avg,Avg,Avg
Squirtle,2024-05-09,197.0,14.0,10.2,96.0,23.2,374.6,32.8,14.2,100.9,32.7,-1.5892784484296527,-2.8609886498767536,-0.6692742242653912,-0.24381881600675226,-0.7035295040777092,Low,Low,Avg,Avg,Avg,Low
Squirtle,2024-07-11,476.0,18.4,7.9,102.0,50.7,345.0,29.7,13.6,100.1,31.1,1.060904391506873,-1.1659617418311095,-1.0037651023825906,0.10597413996482112,1.5529623630111846,High,Low,Low,Avg,High,Low
Squirtle,2024-07-25,474.0,22.6,5.3,83.6,27.6,363.7,28.1,12.8,100.4,33.9,0.895786366922516,-0.5577603528300915,-1.3361954709596806,-1.0139726690579716,-0.4585042595216921,Avg,Avg,Low,Low,Avg,Low
Squirtle,2024-11-23,282.0,28.4,5.7,93.0,46.8,377.5,27.4,11.8,98.3,33.1,-0.7927407558917959,0.10903870348851574,-1.055911177755888,-0.320741181831366,1.0632255754000413,Avg,Avg,Low,Avg,High,Low
Squirtle,2025-03-24,315.0,28.8,14.2,106.3,55.0,366.9,27.5,11.1,97.7,34.6,-0.44312491409437044,0.14955377424950217,0.5270528104477549,0.5581609789742411,1.5809940948440453,Avg,Avg,Avg,Avg,High,Avg
Squirtle,2025-05-30,176.0,19.2,10.4,88.4,16.8,361.7,27.6,11.4,98.5,36.7,-1.6637776797005774,-1.0273351767157346,-0.1891678663792648,-0.6843434132595534,-1.443845482945237,Low,Low,Avg,Avg,Low,Low
Squirtle,2025-06-01,275.0,32.5,15.1,74.9,24.3,344.8,26.9,11.4,97.6,34.9,-0.5828966551472228,0.6882804968881658,0.709999198666405,-1.5792530712677506,-0.7351296729521697,Avg,Avg,Avg,Low,Avg,Avg
Squirtle,2025-07-12,500.0,37.1,17.2,77.9,22.1,339.0,27.3,11.7,95.7,34.0,1.3883062625397051,1.224555563003654,1.0755417287954994,-1.172452310421186,-0.8467501357843168,High,High,High,Low,Avg,Avg
Squirtle,2025-08-31,213.0,37.5,21.4,102.6,44.4,351.4,28.1,12.1,94.4,33.1,-1.1563442432508308,1.1620560102868644,1.8040929508537296,0.536419856972489,0.8201305716507103,Low,High,High,Avg,Avg,High
Squirtle,2025-09-07,295.0,35.5,11.8,116.7,39.6,341.5,28.8,12.8,94.9,33.9,-0.3849934652812861,0.8241997463640205,-0.1725828200599001,1.4569825627118205,0.4204734482203154,Avg,Avg,Avg,High,Avg,Avg
Squirtle,2025-11-03,240.0,37.0,15.3,107.2,15.5,338.4,29.2,12.7,96.4,34.3,-0.8409870254744701,0.9653034381939627,0.4872308594029395,0.6995742707467526,-1.419463126039893,Avg,Avg,Avg,Avg,Low,Avg
Squirtle,2025-11-06,448.0,18.3,5.8,113.6,54.1,332.2,29.7,12.9,97.1,33.1,1.000572557904396,-1.41724609251335,-1.354503212099008,1.090001321209802,1.5457904286094841,High,Low,Low,High,High,Low
Sylveon,2024-06-11,239.0,20.1,10.6,77.7,23.6,,,,,,0.0,0.0,0.0,0.0,0.0,Avg,Avg,Avg,Avg,Avg,Avg
Sylveon,2024-06-12,249.0,16.3,13.8,92.8,54.6,239.0,20.1,10.6,77.7,23.6,0.0,0.0,0.0,0.0,0.0,Avg,Avg,Avg,Avg,Avg,Avg
Sylveon,2024-11-11,385.0,33.3,9.1,116.8,39.7,244.0,18.2,12.2,85.2,39.1,19.94041122946064,5.619638103114135,-1.370019388548935,2.9548634366139845,0.027371875400769647,High,High,Low,High,Avg,High
Sylveon,2025-02-08,236.0,8.6,26.7,77.6,51.6,291.0,23.2,11.2,95.8,39.3,-0.6743518747598933,-1.6400245970218257,6.470350285170133,-0.9213194883724006,0.7933502806477112,Avg,Low,High,Avg,Avg,High
Sylveon,2025-03-02,177.0,21.8,15.3,78.1,32.5,277.2,19.6,15.0,91.2,42.4,-1.3914331721269346,0.21549278850301193,0.03121019986168808,-0.7100206788510713,-0.701663147237713,Low,Avg,Avg,Avg,Avg,High
Sylveon,2025-03-12,193.0,24.5,12.5,80.4,18.4,257.2,20.0,15.1,88.6,40.4,-0.8355862395557524,0.49794071096368553,-0.3747510513295847,-0.4809115346650603,-1.6970590799063627,Avg,Avg,Avg,Avg,Low,Avg
Sylveon,2025-04-02,331.0,32.8,18.0,106.4,30.1,246.5,20.8,14.7,87.2,36.7,1.1488891985779628,1.458155661238783,0.5294697347389041,1.2275367125845948,-0.4522731944973431,High,High,Avg,High,Avg,High
Sylveon,2025-07-01,297.0,30.8,15.7,108.4,39.8,258.6,22.5,15.1,90.0,35.8,0.5168590123332869,0.9448168145246018,0.09469497441788059,1.1525910513293285,0.2947025751055392,Avg,Avg,Avg,High,Avg,Avg
Sylveon,2025-07-24,224.0,16.3,8.6,71.9,44.9,263.4,23.5,15.2,92.3,36.3,-0.5611936366379071,-0.8341797814341579,-1.21315324522242,-1.259797338053068,0.6786490707905302,Avg,Avg,Low,Low,Avg,Low
Sylveon,2025-10-02,505.0,31.2,6.0,111.8,33.5,259.0,22.7,14.5,90.0,37.2,3.675430526208929,1.0030278556748748,-1.526241165157648,1.313910810490056,-0.3065894174528004,High,High,Low,High,Avg,High
Sylveon,2025-11-03,479.0,26.2,20.3,79.4,38.5,283.6,23.6,13.6,92.2,36.9,1.950725529359421,0.3128094246794466,1.1337137776127144,-0.7485765572491871,0.14081516555063367,High,Avg,High,Avg,Avg,High
Sylveon,2025-11-22,491.0,21.9,6.1,95.8,39.5,301.4,23.8,14.2,91.0,37.0,1.6960740904409162,-0.23817366004638282,-1.3714511102440632,0.2864541910342289,0.2257750978751965,High,Avg,Low,Avg,Avg,Low
Sylveon,2025-12-12,467.0,13.0,4.1,109.8,33.9,317.2,23.7,13.6,91.4,37.2,1.250278999162725,-1.3899105227200061,-1.544260176107147,1.1523516467268016,-0.31650587737265684,High,Low,Low,High,Avg,Low
Sylveon,2025-12-15,513.0,23.7,5.4,114.9,45.8,328.7,22.8,12.8,92.8,37.0,1.5103266075096835,0.10991130228917925,-1.156703197930123,1.3707114426479279,0.8743094134295686,High,Avg,Low,High,Avg,Low
Umbreon,2024-01-15,259.0,35.5,9.1,101.1,51.0,,,,,,0.0,0.0,0.0,0.0,0.0,Avg,Avg,Avg,Avg,Avg,Avg
Umbreon,2024-03-23,218.0,39.2,21.8,96.3,20.0,259.0,35.5,9.1,101.1,51.0,0.0,0.0,0.0,0.0,0.0,Avg,Avg,Avg,Avg,Avg,Avg
Umbreon,2024-04-07,495.0,17.1,19.3,101.6,48.0,238.5,37.4,15.4,98.7,35.5,8.847458018260948,-7.739952604879771,0.42871828465641076,0.8544206939337484,0.5702474041826996,High,Low,Avg,Avg,Avg,Low
Umbreon,2024-04-23,375.0,24.0,6.5,113.5,26.7,324.0,30.6,16.7,99.7,39.7,0.3411314001766465,-0.557582800745673,-1.5210512732062373,4.727215676803306,-0.7583840268578198,Avg,Avg,Low,High,Avg,Low
Umbreon,2024-04-29,445.0,13.1,20.2,92.1,33.7,336.8,29.0,14.2,103.1,36.4,0.8680603267569543,-1.5520083456858287,0.8025786696857184,-1.5066148362069447,-0.1770367194146565,Avg,Low,Avg,Low,Avg,Low
Umbreon,2024-07-04,263.0,30.8,18.0,91.4,18.9,358.4,25.8,15.4,100.9,35.9,-0.8060814201458031,0.4429022901305768,0.3722890650281145,-1.1856359986021348,-1.2685177702636732,Avg,Avg,Avg,Low,Low,Avg
Umbreon,2024-09-26,419.0,15.7,26.9,70.3,32.0,342.5,26.6,15.8,99.3,33.1,0.6782325347422399,-1.0554838889498255,1.7358936737003994,-3.555415985617895,-0.07589689431615936,Avg,Low,High,Low,Avg,High
Umbreon,2025-02-21,328.0,17.4,10.1,96.8,17.0,353.4,25.1,17.4,95.2,32.9,-0.23776494262342412,-0.7431334580261739,-1.0170327379500188,0.1216854795763969,-1.2583693425905629,Avg,Avg,Low,Avg,Low,Low
Umbreon,2025-04-25,488.0,34.8,19.4,101.2,35.3,350.2,24.1,16.5,95.4,30.9,1.3855046192102534,1.0790401467544026,0.4085481635476598,0.47274431156945745,0.33805357662862634,High,High,Avg,Avg,Avg,High
Umbreon,2025-05-27,443.0,29.7,17.1,119.4,45.8,365.6,25.3,16.8,96.0,31.4,0.7466791605816442,0.4438692032787315,0.04286963386803317,2.0034541793884744,1.1776014328946645,Avg,Avg,Avg,High,High,Avg
Umbreon,2025-09-21,174.0,24.9,17.2,90.7,47.3,373.3,25.7,16.8,98.4,32.8,-1.9770491493344684,-0.08761953077299581,0.056656899784718266,-0.5789451498459655,1.1665404758947506,Low,Avg,Avg,Avg,High,High
Umbreon,2025-09-24,362.0,17.8,14.6,89.8,12.7,355.2,25.7,16.9,97.7,34.2,0.06036682349292351,-0.8736838477410698,-0.3769692952105056,-0.616049935433184,-1.7106542292930387,Avg,Avg,Avg,Avg,Low,Avg
