Name,Date,Concentric Duration [ms] (L),Countermovement Depth [cm] (L),Concentric Mean Force / BM [N/kg] (L),BW [KG],Jump Height (Imp-Mom) [cm] (L),Concentric Duration [ms] (L)_avg_prev,Countermovement Depth [cm] (L)_avg_prev,Concentric Mean Force / BM [N/kg] (L)_avg_prev,BW [KG]_avg_prev,Jump Height (Imp-Mom) [cm] (L)_avg_prev,Concentric Duration [ms] (L)_z,Countermovement Depth [cm] (L)_z,Concentric Mean Force / BM [N/kg] (L)_z,BW [KG]_z,Jump Height (Imp-Mom) [cm] (L)_z,Concentric Duration [ms] (L)_class,Countermovement Depth [cm] (L)_class,Concentric Mean Force / BM [N/kg] (L)_class,BW [KG]_class,Jump Height (Imp-Mom) [cm] (L)_class,Generation_Class_L
Alakazam,2024-01-15,245.0,8.1,29.89,104.5,20.9,,,,,,0.0,0.0,0.0,0.0,0.0,Avg,Avg,Avg,Avg,Avg,Avg
Alakazam,2024-04-23,438.0,14.0,21.39,81.1,20.7,245.0,8.1,29.9,104.5,20.9,0.0,0.0,0.0,0.0,0.0,Avg,Avg,Avg,Avg,Avg,Avg
Alakazam,2024-06-08,216.0,32.5,24.71,111.8,19.2,341.5,11.0,25.6,92.8,20.8,-0.9196051921130748,5.141505239475066,-0.15473160153023272,1.1482930634653334,-11.313708498984886,Avg,High,Avg,High,Low,High
Alakazam,2024-08-17,494.0,10.4,26.89,105.3,37.7,299.7,18.2,25.3,99.1,20.3,1.6103927849061206,-0.6126935192680711,0.3641640726445206,0.3844990691412385,18.762520487188702,High,Avg,Avg,Avg,High,Low
Alakazam,2024-08-20,468.0,15.5,25.21,99.9,37.7,348.2,16.2,25.7,100.7,24.6,0.8653580891057862,-0.06755477535213728,-0.14231455994814465,-0.05760702032695025,1.4943507758718855,Avg,Avg,Avg,Avg,High,Avg
Alakazam,2024-10-01,540.0,24.3,30.71,108.6,26.7,372.2,16.1,25.6,100.5,27.2,1.2783412325937964,0.852342040323721,1.6363164003072985,0.6932060733792486,-0.05641921756885671,High,Avg,High,Avg,Avg,High
Alakazam,2025-04-22,350.0,34.2,17.87,79.0,36.4,400.2,17.5,26.5,101.9,27.2,-0.3690624900193868,1.812314522133989,-2.4746026817413065,-2.091175757801334,1.0801550106050963,Avg,High,Low,Low,High,Low
Alakazam,2025-05-17,525.0,23.7,14.45,65.8,38.0,393.0,19.9,25.2,98.6,28.5,1.0515675205019055,0.3646774641070561,-2.3761693410463667,-2.4841357382300173,1.1126793566466204,High,Avg,Low,Low,High,Low
Alakazam,2025-06-01,310.0,30.7,19.97,105.7,50.9,409.5,20.3,23.9,94.5,29.7,-0.794501394717215,1.0520139988716817,-0.6906082651981839,0.6646980427037814,2.465340321606169,Avg,High,Avg,Avg,High,High
Alakazam,2025-06-05,518.0,17.0,27.66,114.7,50.1,398.4,21.5,23.5,95.7,32.0,0.9819604045050778,-0.4561808020447626,0.7691245194407313,1.170268208658127,1.6854175008106598,Avg,Avg,Avg,High,High,Avg
Alakazam,2025-07-14,346.0,36.8,17.21,81.2,34.7,410.4,21.0,23.9,97.6,33.8,-0.5328719528872566,1.6792119171907236,-1.2518697827204817,-1.002098789827249,0.07489305888029785,Avg,High,Low,Low,Avg,Low
Alakazam,2025-07-24,181.0,28.0,29.08,96.2,13.5,404.5,22.5,23.3,96.1,33.9,-1.9223877844904063,0.5476677881314485,1.0689838661604787,0.0033393865103245705,-1.851406265533871,Low,Avg,High,Avg,Low,High
Alakazam,2025-08-07,218.0,13.2,28.31,85.3,29.5,385.9,22.9,23.8,96.1,32.2,-1.308922013512856,-0.9978712039781732,0.8364474867015187,-0.6966810248539087,-0.22477331621552102,Low,Avg,Avg,Avg,Avg,High
Alakazam,2025-08-15,298.0,33.9,20.09,96.8,53.1,373.0,22.2,24.1,95.3,32.0,-0.5709602567213291,1.2051397358390274,-0.747924268181721,0.09759857311903011,1.8251589048959722,Avg,High,Avg,Avg,High,High
Alakazam,2025-09-30,270.0,19.8,30.53,98.8,29.0,367.6,23.0,23.8,95.4,33.5,-0.7641108622182622,-0.3270264090862042,1.2746285220755271,0.23109134037488252,-0.3618259185876581,Avg,Avg,High,Avg,Avg,High
Bulbasaur,2024-01-20,544.0,32.1,27.64,70.9,27.3,,,,,,0.0,0.0,0.0,0.0,0.0,Avg,Avg,Avg,Avg,Avg,Avg
Bulbasaur,2024-03-19,318.0,36.6,16.86,109.9,31.4,544.0,32.1,27.6,70.9,27.3,0.0,0.0,0.0,0.0,0.0,Avg,Avg,Avg,Avg,Avg,Avg
Bulbasaur,2024-04-20,511.0,13.9,14.28,85.9,14.9,431.0,34.4,22.2,90.4,29.4,0.500606570751538,-6.4268149667843995,-1.045573477932613,-0.16317848796612636,-4.984240482022256,Avg,Low,Low,Avg,Low,Low
Bulbasaur,2024-06-08,487.0,14.2,23.16,109.4,40.9,457.7,27.5,19.6,88.9,24.5,0.24028921616358026,-1.1093278618459914,0.503268072778638,1.0420735639394645,1.90511961623125,Avg,Low,Avg,High,High,Low
Bulbasaur,2024-06-11,455.0,39.5,29.28,112.3,26.7,465.0,24.2,20.5,94.0,28.6,-0.09925833339709304,1.2896209702687262,1.4524972854376275,0.959106178549484,-0.17860158012178826,Avg,High,High,Avg,Avg,High
Bulbasaur,2024-09-17,187.0,18.7,24.42,67.7,39.4,463.0,27.3,22.2,97.7,28.2,-3.159189487534119,-0.6934345957316024,0.3319585780268801,-1.628069185931384,1.190553247294246,Low,Avg,Avg,Low,High,High
Bulbasaur,2025-02-20,314.0,12.8,29.58,76.5,39.8,417.0,25.8,22.6,92.7,30.1,-0.7511647517048494,-1.1254103089418008,1.1759574806184077,-0.7886584092836493,1.0165458914168173,Avg,Low,High,Avg,High,High
Bulbasaur,2025-03-04,277.0,39.0,22.75,72.8,49.2,402.3,24.0,23.6,90.4,31.5,-0.9557418973798071,1.2885359803457443,-0.14165174970386693,-0.891699075869696,1.8743639322766705,Avg,High,Avg,Avg,High,High
Bulbasaur,2025-04-16,500.0,25.6,20.42,85.5,11.7,386.6,25.8,23.5,88.2,33.7,0.8775553036084205,-0.020773448681642142,-0.5510692657555065,-0.1387985341649815,-2.044563246953397,Avg,Avg,Avg,Avg,Low,Avg
Bulbasaur,2025-08-01,335.0,19.7,17.59,71.7,27.3,399.2,25.8,23.2,87.9,31.3,-0.5071993462914479,-0.543828240960524,-1.0456493976123216,-0.8962834188677676,-0.31762794294523,Avg,Avg,Low,Avg,Avg,Low
Bulbasaur,2025-08-06,191.0,28.1,14.26,70.6,31.0,392.8,25.2,22.6,86.3,30.9,-1.6664626871884591,0.26786716856112736,-1.5682362255421998,-0.8812655284688155,0.011856726559412436,Low,Avg,Low,Avg,Avg,Low
Bulbasaur,2025-08-24,358.0,39.7,31.3,78.3,46.6,374.5,25.5,21.8,84.8,30.9,-0.12657465215425973,1.385013132361531,1.6785682076354922,-0.37336233005382585,1.4039959283278305,Avg,High,High,Avg,High,High
Bulbasaur,2025-10-23,434.0,28.2,21.6,115.9,22.5,373.1,26.7,22.6,84.3,32.2,0.49110534043167886,0.1451592878348054,-0.1706041553804748,1.8816335261122652,-0.8343821841861847,Avg,Avg,Avg,High,Avg,Avg
Bulbasaur,2025-10-31,221.0,23.4,28.41,91.9,19.9,377.8,26.8,22.5,86.7,31.4,-1.3069007853270915,-0.33180747917643516,1.0143197224086629,0.282625446035996,-1.0093758985585222,Low,Avg,High,Avg,Low,High
Charizard,2024-01-04,224.0,26.0,21.78,74.4,54.7,,,,,,0.0,0.0,0.0,0.0,0.0,Avg,Avg,Avg,Avg,Avg,Avg
Charizard,2024-03-15,348.0,15.4,17.64,80.6,16.6,224.0,26.0,21.8,74.4,54.7,0.0,0.0,0.0,0.0,0.0,Avg,Avg,Avg,Avg,Avg,Avg
Charizard,2024-06-22,539.0,38.3,15.04,68.2,16.3,286.0,20.7,19.7,77.5,35.7,2.8854518651644603,2.348128179034573,-1.5952602261551583,-2.121320343559646,-0.7182423210477531,High,High,Low,Low,Avg,Low
Charizard,2024-08-10,275.0,9.7,25.62,107.3,17.3,370.3,26.6,18.2,74.4,29.2,-0.6007780278954006,-1.4717201808331661,2.196597872910035,5.306451612903229,-0.538847821218131,Avg,Low,High,High,Avg,High
Charizard,2024-08-27,490.0,30.5,22.93,97.4,19.5,346.5,22.3,20.0,82.6,26.2,1.039445793480518,0.6469816323850547,0.6255417968827764,0.8584471855821576,-0.3541718628762507,High,Avg,Avg,Avg,Avg,Low
Charizard,2024-10-06,329.0,31.1,14.2,78.4,34.3,375.2,24.0,20.6,85.6,24.9,-0.3404734386416996,0.6190204484815499,-1.5121523089254887,-0.4403731329146727,0.5635043743479287,Avg,Avg,Low,Avg,Avg,Low
Charizard,2024-10-19,240.0,37.8,12.21,88.5,25.5,367.5,25.2,19.5,84.4,26.4,-1.038065057640464,1.1817352007696909,-1.5920035076248824,0.276755677405993,-0.06153399559662888,Low,High,Low,Avg,Avg,High
Charizard,2024-10-27,389.0,29.4,15.0,69.4,13.6,349.3,27.0,18.5,85.0,26.3,0.3254186729327583,0.2235311399775637,-0.6934691801252719,-1.1392977881608681,-0.9018476861123752,Avg,Avg,Avg,Low,Avg,Avg
Charizard,2024-12-28,505.0,23.5,17.3,78.0,12.7,354.2,27.3,18.1,83.0,24.7,1.3240322934308808,-0.37393915765208513,-0.1561855802487459,-0.3641447759903414,-0.8710844473814876,High,Avg,Avg,Avg,Avg,Low
Charizard,2025-02-14,180.0,17.5,24.51,113.5,42.5,371.0,26.9,18.0,82.5,23.4,-1.6219088768981633,-0.9820365576272431,1.4491399393743027,2.3841659156266615,1.4134539823985408,Low,Avg,High,High,High,High
Charizard,2025-03-11,239.0,21.1,12.11,94.7,33.6,351.9,25.9,18.6,85.6,25.3,-0.8932450925949087,-0.5096999558544094,-1.3764576603969723,0.5810350312258926,0.5883352667721785,Avg,Avg,Low,Avg,Avg,Low
Charizard,2025-05-25,432.0,17.5,12.45,83.0,26.0,341.6,25.5,18.0,86.4,26.1,0.7249661680510784,-0.8782603549595354,-1.139044795968529,-0.22428885024937165,-0.004006098183815762,Avg,Avg,Low,Avg,Avg,Low
Charizard,2025-06-16,289.0,21.8,20.39,72.0,25.7,349.2,24.8,17.6,86.1,26.0,-0.4944915300337099,-0.33644179395598683,0.5715062389191216,-0.9744470223175595,-0.026960447175387668,Avg,Avg,Avg,Avg,Avg,Avg
Charizard,2025-09-17,444.0,40.0,25.41,117.9,54.9,344.5,24.6,17.8,85.0,26.0,0.845165466678283,1.7872214763748584,1.5903865610431966,2.2806671642824456,2.3232235356514495,Avg,High,High,High,High,High
Charizard,2025-09-25,387.0,34.4,26.83,81.6,17.6,351.6,25.7,18.3,87.4,28.1,0.3044123415434983,0.9416174956954644,1.6875151746755321,-0.3523900364728348,-0.7374526099112126,Avg,Avg,High,Avg,Avg,High
Charizard,2025-10-13,255.0,19.3,20.62,71.0,53.5,354.0,26.3,18.9,87.0,27.4,-0.8816023340299454,-0.7574594827534867,0.32380989268729193,-1.0076439239352388,1.8697073859619318,Avg,Avg,Avg,Low,High,Avg
Charizard,2025-12-15,396.0,11.8,24.88,81.0,24.3,347.8,25.8,19.0,86.0,29.0,0.43304810826303086,-1.5496218845134235,1.1378159049293575,-0.3151320122930908,-0.3148080056984413,Avg,Low,High,Avg,Avg,High
Dragonite,2024-01-11,323.0,25.6,20.54,95.4,45.6,,,,,,0.0,0.0,0.0,0.0,0.0,Avg,Avg,Avg,Avg,Avg,Avg
Dragonite,2024-02-22,217.0,9.8,25.53,87.6,41.7,323.0,25.6,20.5,95.4,45.6,0.0,0.0,0.0,0.0,0.0,Avg,Avg,Avg,Avg,Avg,Avg
Dragonite,2024-04-22,530.0,11.6,12.38,79.7,22.1,270.0,17.7,23.0,91.5,43.7,3.4688257190283465,-0.5459938437010052,-3.0197285585341325,-2.1394512866669864,-7.814436479266714,High,Avg,Low,Low,Low,Low
Dragonite,2024-05-14,496.0,25.3,28.99,79.3,10.7,356.7,15.7,19.5,87.6,36.5,0.875249210236364,1.113748380096424,1.4320772046341765,-1.0530714358400228,-2.0459832971151077,Avg,High,High,Low,Low,High
Dragonite,2024-06-17,287.0,8.3,21.33,70.4,54.2,391.5,18.1,21.9,85.5,30.0,-0.7086035113636957,-1.1434834354020207,-0.07351695888862181,-1.9798845151699478,1.4665909800937753,Avg,Low,Avg,Low,High,Low
Dragonite,2024-06-28,169.0,22.3,22.52,104.4,14.7,370.6,16.1,21.8,82.5,34.9,-1.4823809925527918,0.7188136389965424,0.12260186047902463,2.320557874448921,-1.1257950386038302,Low,Avg,Avg,High,Low,High
Dragonite,2024-10-01,508.0,21.3,19.82,111.3,25.9,337.0,17.2,21.9,86.1,31.5,1.1643164618632624,0.5127796268318654,-0.3683518131390391,2.0449038731946265,-0.3109786854223431,High,Avg,Avg,High,Avg,Low
Dragonite,2024-11-04,473.0,22.1,31.5,116.2,41.0,361.4,17.7,21.6,89.7,30.7,0.7496244130018118,0.5769008306041503,1.9179657363049445,1.7982450686090898,0.6214411252181573,Avg,Avg,High,High,Avg,High
Dragonite,2024-12-03,312.0,10.8,21.04,108.0,23.2,375.4,18.3,22.8,93.0,32.0,-0.4421592122933429,-1.0457263090652118,-0.30115966422728446,0.9050180683858928,-0.5571907568426074,Avg,Low,Avg,Avg,Avg,Low
Dragonite,2025-01-11,368.0,34.8,26.32,74.5,51.1,368.3,17.5,22.6,94.7,31.0,-0.0024558981745211356,2.426620641874606,0.6616857072887021,-1.2431240008535922,1.3356545582721533,Avg,High,Avg,Low,High,High
Dragonite,2025-03-31,316.0,36.5,23.76,103.7,10.2,368.3,19.2,23.0,92.7,33.0,-0.4087044946084453,1.9922319040114755,0.14158722286982747,0.6639175320045485,-1.4686334893674178,Avg,High,Avg,Avg,Low,High
Dragonite,2025-09-11,455.0,21.0,19.96,106.4,40.1,363.5,20.8,23.1,93.7,30.9,0.7470651538875097,0.02422687746073204,-0.6070036437891131,0.79027297205984,0.5627472326152674,Avg,Avg,Avg,Avg,Avg,Avg
Dragonite,2025-11-10,167.0,33.1,26.95,77.4,32.0,371.2,20.8,22.8,94.7,31.7,-1.7060824042315905,1.324020250561556,0.8349969191391781,-1.0991341325105577,0.018537272336781638,Low,High,Avg,Low,Avg,High
Dragonite,2025-12-11,499.0,36.4,24.91,99.3,13.1,355.5,21.7,23.1,93.4,31.7,1.1231114728024352,1.537804132511463,0.3650286637859984,0.3716817413616348,-1.2367383766410032,High,High,Avg,Avg,Low,Low
Eevee,2024-01-21,217.0,28.9,20.59,83.0,41.4,,,,,,0.0,0.0,0.0,0.0,0.0,Avg,Avg,Avg,Avg,Avg,Avg
Eevee,2024-01-21,337.0,16.7,25.19,113.0,53.7,217.0,28.9,20.6,83.0,41.4,0.0,0.0,0.0,0.0,0.0,Avg,Avg,Avg,Avg,Avg,Avg
Eevee,2024-02-01,280.0,34.1,21.04,100.8,13.0,277.0,22.8,22.9,98.0,47.6,0.035355339059327376,1.3098863323619658,-0.568759802258745,0.13199326582148874,-3.972445413007349,Avg,High,Avg,Avg,Low,High
Eevee,2024-02-14,303.0,25.9,30.34,66.6,41.3,278.0,26.6,22.3,98.9,36.0,0.4164931639872029,-0.07464141626325134,3.18097667186185,-2.14314536873828,0.252307652884961,Avg,Avg,High,Low,Avg,High
Eevee,2024-03-26,476.0,28.8,18.27,84.6,49.9,284.2,26.4,24.3,90.8,37.4,3.791088136958959,0.3287568414430289,-1.3278155510760505,-0.3075039279572614,0.7277145776913343,High,Avg,Low,Avg,Avg,Low
Eevee,2024-05-26,211.0,27.0,20.79,86.4,18.1,322.6,26.9,23.1,89.6,39.9,-1.1589653645003501,0.01871303076865414,-0.4822813203450566,-0.1795487494569581,-1.3638331763426343,Low,Avg,Avg,Avg,Low,High
Eevee,2024-07-09,257.0,31.7,12.67,65.4,26.2,304.0,26.9,22.7,89.1,36.2,-0.48237233616809044,0.8368416525052874,-2.3011949957458158,-1.4796908166655731,-0.5968769072339876,Avg,Avg,Low,Low,Avg,Low
Eevee,2024-07-29,448.0,22.9,13.77,103.4,34.7,297.3,27.6,21.3,85.7,34.8,1.6616371170135942,-0.845569606786483,-1.364249097939468,1.0345299611886603,-0.006326411339918918,High,Avg,Low,High,Avg,Low
Eevee,2024-09-14,160.0,17.4,13.94,92.0,27.3,316.1,27.0,20.3,87.9,34.8,-1.5698304270416379,-1.7806588928253648,-1.1138629996312535,0.24053762914466595,-0.5116422367497651,Low,Low,Low,Avg,Avg,Avg
Eevee,2024-09-16,506.0,27.7,19.0,86.1,25.8,298.8,25.9,19.6,88.4,34.0,1.9439759379618609,0.29579296557040313,-0.1077290973453738,-0.14094806002079782,-0.5861086502031797,High,Avg,Avg,Avg,Avg,Low
Eevee,2024-09-17,433.0,20.3,22.57,104.2,50.2,319.5,26.1,19.6,88.1,33.1,0.9460140129856917,-1.0267357572572557,0.5523914300182873,1.063929711542178,1.2759863056074239,Avg,Low,Avg,High,High,Low
Eevee,2024-09-21,241.0,34.3,28.44,66.2,54.8,329.8,25.6,19.8,89.6,34.7,-0.747291017741007,1.5438843240862414,1.6397855933629486,-1.5463736186892088,1.4691837826029126,Avg,High,High,Low,High,High
Eevee,2025-06-20,166.0,23.2,29.91,79.7,50.3,322.4,26.3,20.6,87.6,36.4,-1.3462524303506895,-0.5229990950615987,1.6751660269743829,-0.49869828335807725,0.9755096208944923,Low,Avg,High,Avg,Avg,High
Eevee,2025-07-30,427.0,39.8,21.62,83.6,48.9,310.4,26.1,21.3,87.0,37.4,0.9766761024728123,2.3858029679311237,0.058736618423176304,-0.2227033756978127,0.8065490335303599,Avg,High,Avg,Avg,Avg,High
Eevee,2025-09-30,212.0,14.1,13.34,75.8,32.8,318.7,27.0,21.3,86.8,38.3,-0.8977055669137771,-1.9513735952372164,-1.3925112341710988,-0.7408202818325264,-0.39000457721662296,Avg,Low,Low,Avg,Avg,Low
Eevee,2025-11-11,539.0,11.5,29.05,71.8,52.3,311.6,26.2,20.8,86.1,37.9,1.9301031974833271,-2.035196816172385,1.4098852581710124,-0.9783664614706581,1.0626782240278143,High,Low,High,Avg,High,Low
Eevee,2025-11-24,353.0,23.1,17.81,69.9,51.0,325.8,25.3,21.3,85.2,38.8,0.21368765810973012,-0.27524300783586875,-0.5747443547876173,-1.051239167156543,0.8986122925939558,Avg,Avg,Avg,Low,Avg,Avg
Garchomp,2024-01-08,558.0,32.6,19.3,70.8,26.0,,,,,,0.0,0.0,0.0,0.0,0.0,Avg,Avg,Avg,Avg,Avg,Avg
Garchomp,2024-01-15,468.0,22.6,20.74,96.9,33.5,558.0,32.6,19.3,70.8,26.0,0.0,0.0,0.0,0.0,0.0,Avg,Avg,Avg,Avg,Avg,Avg
Garchomp,2024-04-09,414.0,33.5,26.89,71.4,54.2,513.0,27.6,20.0,83.8,29.8,-1.5556349186104046,0.8343860018001259,6.746977203821652,-0.6745961245802685,4.61033621333629,Low,Avg,High,Avg,High,High
Garchomp,2024-04-17,494.0,9.3,27.29,94.7,44.6,480.0,29.6,22.3,79.7,37.9,0.19245008972987526,-3.349824126254354,1.2353593490552282,1.006802112289156,0.4587212256841515,Avg,Low,High,High,Avg,High
Garchomp,2024-07-23,505.0,19.5,17.15,67.4,21.5,483.5,24.5,23.6,83.4,39.6,0.35948352353097246,-0.44352694586405483,-1.5518941192541411,-1.123091830291055,-1.459168592077884,Avg,Avg,Low,Low,Low,Low
Garchomp,2024-12-21,542.0,28.3,29.18,102.0,16.5,487.8,23.5,22.3,80.2,36.0,1.0288501923811066,0.47924578137450474,1.5077226236607988,1.5209235881902383,-1.4487614656075316,High,Avg,High,High,Low,High
Garchomp,2025-02-16,415.0,29.2,23.8,79.8,52.0,496.8,24.3,23.4,83.9,32.7,-1.572042538748606,0.5343412956837925,0.07540375206919891,-0.2610537488986372,1.3388180255027418,Low,Avg,Avg,Avg,High,High
Garchomp,2025-04-06,558.0,35.3,14.55,118.6,38.2,485.1,25.0,23.5,83.3,35.5,1.2849745108698347,1.2013619153526187,-1.9657249046422798,2.4689383573054466,0.18150225400447104,High,High,Low,High,Avg,Low
Garchomp,2025-06-09,492.0,34.6,16.31,114.1,23.5,494.2,26.3,22.4,87.7,35.8,-0.03847941237111539,0.951838852972315,-1.15106144094233,1.4505306831304945,-0.8825221483212862,Avg,Avg,Low,High,Avg,Low
Garchomp,2025-06-22,450.0,18.8,15.83,120.0,34.9,494.0,27.2,21.7,90.6,34.4,-0.8043660623762139,-0.975067037748582,-1.1022751670500228,1.532337873277789,0.03329947659794832,Avg,Avg,Low,High,Avg,Low
Garchomp,2025-07-09,514.0,12.8,19.2,112.7,35.9,489.6,26.4,21.1,93.6,34.5,0.45678326982562706,-1.5858833749470198,-0.35629919732161613,0.9416524956401185,0.10931112080603539,Avg,Low,Avg,Avg,Avg,Low
Garchomp,2025-11-13,282.0,12.5,18.7,65.6,15.3,491.8,25.1,20.9,95.3,34.6,-4.097445862188815,-1.3900679759860795,-0.43726197311535164,-1.4767837577476013,-1.5777140707625077,Low,Low,Avg,Low,Low,High
Garchomp,2025-12-12,299.0,8.3,27.48,78.8,32.1,474.3,24.1,20.7,92.8,33.0,-2.2537192197048515,-1.6784075632908164,1.372527068403009,-0.6678970074547202,-0.07020588521544484,Low,Low,High,Avg,Avg,High
Gengar,2024-01-03,228.0,22.6,30.83,110.6,34.5,,,,,,0.0,0.0,0.0,0.0,0.0,Avg,Avg,Avg,Avg,Avg,Avg
Gengar,2024-01-06,502.0,30.1,26.56,74.5,33.9,228.0,22.6,30.8,110.6,34.5,0.0,0.0,0.0,0.0,0.0,Avg,Avg,Avg,Avg,Avg,Avg
Gengar,2024-02-05,396.0,33.4,29.08,108.3,14.8,365.0,26.4,28.7,92.6,34.2,0.1600022643560801,1.3293607486307089,0.12751105890249148,0.6170045320602839,-45.726238516729694,Avg,High,Avg,Avg,Low,High
Gengar,2024-02-21,299.0,23.4,27.2,102.0,40.1,375.3,28.7,28.8,97.8,27.7,-0.5524829078869792,-0.9576402055594527,-0.7562558562935908,0.20780623586156857,1.103712159418449,Avg,Avg,Avg,Avg,High,Avg
Gengar,2024-06-28,198.0,14.6,31.87,80.8,19.7,356.2,27.4,28.4,98.8,30.8,-1.328804049999931,-2.438647744978091,1.7875029598844898,-1.085035264919946,-1.007502695771824,Low,Low,High,Low,Low,High
Gengar,2024-07-01,268.0,18.7,19.64,73.6,50.6,324.6,24.8,29.1,95.2,28.6,-0.4524989168880546,-0.8388915634799844,-4.159249686396437,-1.3104013625376716,2.0408900896431055,Avg,Avg,Low,Low,High,Low
Gengar,2024-08-09,463.0,10.2,25.45,77.3,26.0,315.2,23.8,27.5,91.6,32.3,1.294069748133187,-1.9464355177883046,-0.476108434423003,-0.8328005234499475,-0.47558525434716736,High,Low,Avg,Avg,Avg,Low
Gengar,2024-10-23,227.0,9.3,16.99,68.2,33.4,336.3,21.9,27.2,89.6,31.4,-0.9237129855340004,-1.5328848869836975,-2.5198571024221397,-1.2868070178001347,0.165467303676322,Avg,Low,Low,Low,Avg,Low
Gengar,2024-11-02,287.0,9.5,20.16,91.7,40.3,322.6,20.3,26.0,86.9,31.6,-0.3067152633416837,-1.2275191989070973,-1.1090896697462462,0.2792555013666661,0.7627802813665885,Avg,Low,Low,Avg,Avg,Low
Gengar,2024-11-04,524.0,17.6,24.14,76.6,39.8,318.7,19.1,25.3,87.4,32.6,1.8786993760335902,-0.16593876929117055,-0.22251188986474982,-0.6729092047833959,0.6541080884427122,High,Avg,Avg,Avg,Avg,Low
Gengar,2024-11-18,160.0,17.5,31.89,90.8,32.6,339.2,18.9,25.2,86.4,33.3,-1.4713060225029768,-0.1699623385862208,1.3486375012951513,0.2850488368133975,-0.06672268991663392,Low,Avg,High,Avg,Avg,High
Gengar,2025-01-08,322.0,37.1,30.8,94.2,20.8,322.9,18.8,25.8,86.8,33.2,-0.007127047541422641,2.272330781127438,0.9752039828601217,0.501188082531124,-1.2325571897190086,Avg,High,Avg,Avg,Low,High
Gengar,2025-06-30,510.0,34.2,18.84,81.8,32.1,322.8,20.3,26.2,87.4,32.2,1.5389559119650886,1.4885251847205105,-1.4476375725261463,-0.39019953144091435,-0.010542494643054184,High,High,Low,Avg,Avg,Low
Gengar,2025-12-03,302.0,9.8,15.92,116.9,19.6,337.2,21.4,25.6,87.0,32.2,-0.2763443324235354,-1.1942801583895226,-1.8389931119670155,2.1720592509785104,-1.2806901904897752,Avg,Low,Low,High,Low,Low
Greninja,2024-03-15,499.0,22.1,13.12,90.0,17.1,,,,,,0.0,0.0,0.0,0.0,0.0,Avg,Avg,Avg,Avg,Avg,Avg
Greninja,2024-03-29,555.0,33.3,26.97,76.6,33.6,499.0,22.1,13.1,90.0,17.1,0.0,0.0,0.0,0.0,0.0,Avg,Avg,Avg,Avg,Avg,Avg
Greninja,2024-04-04,178.0,10.7,28.17,102.7,43.7,527.0,27.7,20.0,83.3,25.4,-8.81358095121804,-2.1465741571734487,0.8296379201647222,2.0474435156744804,1.572776901184624,Low,Low,Avg,High,High,High
Greninja,2024-05-25,224.0,29.6,31.6,86.9,41.2,410.7,22.0,22.8,89.8,31.5,-0.9175902506263547,0.669607779212556,1.057674848256617,-0.219641613711818,0.7248693202784207,Avg,Avg,High,Avg,Avg,High
Greninja,2024-09-15,541.0,15.4,24.7,69.0,26.1,364.0,23.9,25.0,89.0,33.9,0.929000538786269,-0.8548863262250271,-0.032568351591174695,-1.864679322312891,-0.6502559381215354,Avg,Avg,Avg,Low,Avg,Avg
Greninja,2024-09-22,540.0,32.9,24.85,68.6,18.6,399.4,22.2,24.9,85.0,32.3,0.76827962894073,1.1313343501996238,-0.008797302986387402,-1.2717352093241046,-1.2538511081334132,Avg,High,Avg,Low,Low,High
Greninja,2024-12-23,253.0,14.7,17.18,69.1,12.9,422.8,24.0,24.9,82.3,30.0,-0.979102044433014,-0.9786546291014305,-1.2249557915868585,-0.9873426873742177,-1.5186449203433219,Avg,Avg,Low,Avg,Low,Low
Greninja,2025-07-02,429.0,14.0,15.68,110.9,50.8,398.6,22.7,23.8,80.4,27.6,0.17808920498014366,-0.9264375970466233,-1.258264631887122,2.3121920185320417,1.9051412095255118,Avg,Avg,Low,High,High,Low
Greninja,2025-07-13,376.0,21.1,12.53,88.0,44.7,402.4,21.6,22.8,84.2,30.5,-0.16634887095050935,-0.053035306237615605,-1.5471744264521083,0.23181925050282087,1.0184811143814003,Avg,Avg,Low,Avg,High,Low
Greninja,2025-07-24,552.0,39.6,18.55,87.9,10.8,399.4,21.5,21.6,84.6,32.1,1.0268090665297653,2.100810699958083,-0.4371210646857369,0.21299863201932062,-1.5336179001209849,High,High,Avg,Avg,Low,Low
Greninja,2025-10-09,482.0,32.5,15.09,101.9,40.3,414.7,23.3,21.3,85.0,30.0,0.45426897955632495,0.9235088966127588,-0.9257834902478426,1.1718699918801807,0.7036087538602686,Avg,Avg,Avg,High,Avg,Avg
Greninja,2025-10-17,318.0,21.5,31.68,90.3,31.7,420.8,24.2,20.8,86.5,30.9,-0.724047220688769,-0.27254262008942665,1.6359104753055926,0.25920122794568423,0.05658104156394457,Avg,Avg,High,Avg,Avg,High
Greninja,2025-12-09,391.0,11.8,19.97,78.8,53.5,412.2,24.0,21.7,86.8,31.0,-0.1533063199365216,-1.2950271329129113,-0.24045346537890974,-0.5737224387237057,1.653073892532474,Avg,Low,Avg,Avg,High,Low
Jigglypuff,2024-01-24,276.0,18.0,18.79,67.3,30.4,,,,,,0.0,0.0,0.0,0.0,0.0,Avg,Avg,Avg,Avg,Avg,Avg
Jigglypuff,2024-04-17,469.0,32.7,18.16,98.9,40.5,276.0,18.0,18.8,67.3,30.4,0.0,0.0,0.0,0.0,0.0,Avg,Avg,Avg,Avg,Avg,Avg
Jigglypuff,2024-06-06,214.0,37.6,15.08,81.1,44.0,372.5,25.4,18.5,83.1,35.4,-1.1614137286846402,1.1785113019775788,-7.62103975278834,-0.08950718749196801,1.1971807879495011,Low,High,Low,Avg,High,High
Jigglypuff,2024-07-10,206.0,18.8,23.03,99.8,39.2,319.7,29.4,17.3,82.4,38.3,-0.8547010182021051,-1.0424669604861796,2.8644529852993323,1.0962325143961769,0.12744500695387556,Avg,Low,High,High,Avg,High
Jigglypuff,2024-07-25,404.0,17.2,31.06,65.2,20.8,291.2,26.8,18.8,86.8,38.5,0.9199587027937529,-0.9690562601950197,3.756579423623505,-1.3848468591588734,-3.0647396892662364,Avg,Avg,High,Low,Low,High
Jigglypuff,2024-08-26,477.0,9.5,23.43,114.0,47.5,313.8,24.9,21.2,82.5,35.0,1.3888380936654994,-1.605251435743502,0.3566078178302087,1.901473806239815,1.3352283645047192,High,Low,Avg,High,High,Low
Jigglypuff,2024-10-23,261.0,27.1,21.85,81.6,40.3,341.0,22.3,21.6,87.7,37.1,-0.6428741579276922,0.4524116317656854,0.04608320644448594,-0.31136979930593484,0.3292083542920179,Avg,Avg,Avg,Avg,Avg,Avg
Jigglypuff,2025-04-16,464.0,33.5,17.73,97.3,13.5,329.6,23.0,21.6,86.8,37.5,1.1435470115163047,1.0670245680178057,-0.7616918713390556,0.578343648061628,-2.6554709833831605,High,High,Avg,Avg,Low,Low
Jigglypuff,2025-05-11,555.0,18.5,31.23,78.2,27.9,346.4,24.3,21.1,88.2,34.5,1.756709192682359,-0.5887620558472365,2.0443159733876843,-0.5804001416201058,-0.5552667892604202,High,Avg,High,Avg,Avg,High
Jigglypuff,2025-10-12,358.0,27.2,24.43,85.0,12.4,369.6,23.7,22.3,87.0,33.8,-0.08816982551261326,0.3764454043342009,0.37955697713557723,-0.12484757598195836,-1.880011458814158,Avg,Avg,Avg,Avg,Low,Avg
Lucario,2024-02-20,178.0,19.7,18.36,96.4,29.5,,,,,,0.0,0.0,0.0,0.0,0.0,Avg,Avg,Avg,Avg,Avg,Avg
Lucario,2024-02-27,422.0,32.5,22.89,70.8,29.5,178.0,19.7,18.4,96.4,29.5,0.0,0.0,0.0,0.0,0.0,Avg,Avg,Avg,Avg,Avg,Avg
Lucario,2024-07-11,347.0,34.5,24.69,71.6,43.6,300.0,26.1,20.6,83.6,29.5,0.27240998947350603,0.9280776503073435,1.2690459450434066,-0.6629126073623882,0.0,Avg,Avg,High,Avg,Avg,High
Lucario,2024-07-20,527.0,36.6,13.66,102.1,45.3,315.7,28.9,22.0,79.6,34.2,1.690919196123562,0.958910801669432,-2.550863441781848,1.545889809176191,1.3635293591499673,High,Avg,Low,High,High,Low
Lucario,2024-07-31,235.0,26.7,23.01,88.5,32.2,368.5,30.8,19.9,85.2,37.0,-0.9087943287311078,-0.542532298903915,0.629629482289638,0.20013120138352058,-0.5514338447779016,Avg,Avg,Avg,Avg,Avg,Avg
Lucario,2024-11-24,489.0,29.2,31.69,68.9,37.8,341.8,30.0,20.5,85.9,36.0,1.0474626685944342,-0.1169910761148248,2.4828342799591834,-1.1918005276830392,0.2282858154597913,High,Avg,High,Low,Avg,High
Lucario,2025-08-19,171.0,22.0,19.28,110.4,25.1,366.3,29.9,22.4,83.0,36.3,-1.4020406655307864,-1.284370146162441,-0.5103670586485928,1.885341765767367,-1.5996790149471487,Low,Low,Avg,High,Low,High
Lucario,2025-08-31,325.0,14.0,12.19,117.7,36.9,338.4,28.7,21.9,87.0,34.7,-0.09131501449797641,-2.3280590924045446,-1.718555120594901,1.8299659354620283,0.2846890622673508,Avg,Low,Low,High,Avg,Low
Lucario,2025-10-03,343.0,11.7,16.76,70.3,30.5,336.8,26.9,20.7,90.8,35.0,0.04587772731336966,-1.9375582178931194,-0.6305054934037828,-1.0803677008585495,-0.6276300507835024,Avg,Low,Avg,Low,Avg,Low
Lucario,2025-10-17,545.0,10.9,20.5,73.2,10.6,337.4,25.2,20.3,88.5,34.5,1.6285240804948722,-1.6048414535152076,0.036339774685196294,-0.8056080979884374,-3.485716734769621,High,Low,Avg,Avg,Low,Low
Lucario,2025-10-18,496.0,28.5,22.83,103.0,48.0,358.2,23.8,20.3,87.0,32.1,1.0064395705184117,0.4943391645518254,0.4449464627573495,0.861920417411552,1.5994828310978215,High,Avg,Avg,Avg,High,Low
Lucario,2025-10-26,272.0,28.1,28.23,107.1,24.0,370.7,24.2,20.5,88.4,33.5,-0.7239381622344776,0.4243438190417518,1.414550764039711,1.0210023009406441,-0.9022881060266317,Avg,Avg,High,High,Avg,High
Lucario,2025-11-30,529.0,33.2,31.71,115.7,45.0,362.5,24.5,21.2,90.0,32.8,1.2507938038816584,0.9832415344704637,1.8667119328917483,1.4094637893648472,1.1715261047907772,High,Avg,High,High,High,High
Machamp,2024-01-07,477.0,38.2,16.73,68.8,15.0,,,,,,0.0,0.0,0.0,0.0,0.0,Avg,Avg,Avg,Avg,Avg,Avg
Machamp,2024-03-21,458.0,26.4,12.71,101.2,12.6,477.0,38.2,16.7,68.8,15.0,0.0,0.0,0.0,0.0,0.0,Avg,Avg,Avg,Avg,Avg,Avg
Machamp,2024-03-25,390.0,33.3,31.14,115.5,18.3,467.5,32.3,14.7,85.0,13.8,-5.768502688627098,0.11984860698077078,5.776464351782643,1.331281285567265,2.651650429449552,Low,Avg,High,High,High,High
Machamp,2024-04-01,244.0,14.7,21.71,74.4,51.1,441.7,32.6,20.2,95.2,15.3,-4.321335662073328,-3.025098672742534,0.15650530296907714,-0.8679010151843076,12.509532384881558,Low,Low,Avg,Avg,High,High
Machamp,2024-04-27,173.0,14.6,18.72,107.6,13.5,392.2,28.2,20.6,90.0,24.2,-2.0751560492810905,-1.3297740946603018,-0.2330544081821376,0.79662627390192,-0.5955061815279579,Low,Low,Avg,Avg,Avg,High
Machamp,2024-08-18,504.0,32.2,21.69,78.9,10.6,348.4,25.4,20.2,93.5,22.1,1.160215534841979,0.6314917065972614,0.2146094495040749,-0.7046893432369704,-0.7031108034824392,High,Avg,Avg,Avg,Avg,Low
Machamp,2024-09-11,251.0,13.8,18.45,70.4,41.4,374.3,26.6,20.4,91.1,20.2,-0.9086264270078426,-1.281218809544057,-0.320964693031699,-1.0616780782252704,1.3809303603512748,Avg,Low,Avg,Low,High,Low
Machamp,2024-12-05,164.0,19.9,25.29,90.1,42.0,356.7,24.7,20.2,88.1,23.2,-1.455678360760788,-0.47032176767318856,0.893245567776273,0.10229824282780717,1.1627662155613596,Low,Avg,Avg,Avg,High,High
Machamp,2025-06-09,462.0,32.4,16.9,116.7,54.9,332.6,24.1,20.8,88.4,25.6,0.9225756909356027,0.8530687070045049,-0.6956792414844346,1.5756334716982126,1.792599260177004,Avg,Avg,Avg,High,High,Avg
Machamp,2025-06-19,207.0,21.7,20.04,102.8,27.8,347.0,25.1,20.4,91.5,28.8,-1.013887338468593,-0.3543563143612731,-0.06120778206447909,0.5851081047045942,-0.05627195500032891,Low,Avg,Avg,Avg,Avg,High
Machamp,2025-06-20,527.0,25.2,25.7,68.7,53.4,333.0,24.7,20.3,92.6,28.7,1.4108355065500178,0.053388434611255274,1.0511010193530101,-1.291454266276305,1.440757074274671,High,Avg,High,Low,High,High
Machamp,2025-06-29,444.0,39.2,28.99,114.8,36.0,350.6,24.8,20.8,90.5,31.0,0.6530545835391982,1.6923103004169209,1.6001277643891654,1.2802079275996066,0.2817780151912531,Avg,High,High,High,Avg,High
Machamp,2025-08-09,233.0,8.1,26.3,105.1,34.5,358.4,26.0,21.5,92.5,31.4,-0.9026011777771991,-1.954978516953876,0.8868510142089302,0.6486127386109526,0.18222250032344392,Avg,Low,Avg,Avg,Avg,Low
Mewtwo,2024-03-07,343.0,22.4,29.07,116.1,14.7,,,,,,0.0,0.0,0.0,0.0,0.0,Avg,Avg,Avg,Avg,Avg,Avg
Mewtwo,2024-03-25,509.0,9.4,22.98,68.6,24.8,343.0,22.4,29.1,116.1,14.7,0.0,0.0,0.0,0.0,0.0,Avg,Avg,Avg,Avg,Avg,Avg
Mewtwo,2024-05-10,288.0,27.5,15.28,68.4,13.2,426.0,15.9,26.0,92.4,19.8,-1.1756715157077537,1.2619136402713775,-2.4951928945318405,-0.7130613646070655,-0.9171384983706705,Low,High,Low,Avg,Avg,High
Mewtwo,2024-05-19,499.0,25.5,14.98,113.7,37.5,380.0,19.8,22.4,84.4,17.6,1.0343134613500804,0.6143131395916318,-1.079976159583911,1.0673631793247353,3.159513442495784,High,Avg,Low,High,High,Low
Mewtwo,2024-06-19,376.0,29.9,14.44,73.7,38.5,409.8,21.2,20.6,91.7,22.6,-0.3035136170032582,1.0685778371207773,-0.9072616661709814,-0.6714641883969495,1.4216725279312203,Avg,High,Avg,Avg,High,High
Mewtwo,2024-09-03,209.0,28.3,19.38,100.9,45.7,403.0,22.9,19.4,88.1,25.7,-1.9902408849665914,0.6655792199002957,0.004637039946223571,0.5209259625463708,1.6559725647958399,Low,Avg,Avg,Avg,High,High
Mewtwo,2025-02-09,521.0,20.7,21.48,115.3,32.5,370.7,23.8,19.4,90.2,29.1,1.2763110490147664,-0.41622430619344525,0.36722526307158154,1.1096240438210747,0.2540585843447975,High,Avg,Avg,High,Avg,Low
Mewtwo,2025-04-24,434.0,31.1,20.03,107.6,42.5,392.1,23.4,19.7,93.8,29.6,0.3441782292879461,1.1062469606614278,0.0695147085993081,0.6074545828952373,1.0433959549169451,Avg,High,Avg,Avg,High,High
Mewtwo,2025-05-18,463.0,39.2,22.72,76.5,37.6,397.4,24.4,19.7,95.5,31.2,0.5778795074657754,2.1188356652999856,0.6092690793219344,-0.8826451632938549,0.5197180622904359,Avg,High,Avg,Avg,Avg,High
Mewtwo,2025-07-09,167.0,32.9,20.16,73.5,17.7,404.7,26.0,20.0,93.4,31.9,-2.1913605637683298,0.83995014432548,0.025333614545834052,-0.9419443618318021,-1.2064683346897158,Low,Avg,Avg,Avg,Low,High
Mewtwo,2025-10-04,353.0,14.8,30.52,104.0,51.8,380.9,26.7,20.1,91.4,30.5,-0.2198532943026271,-1.4776692859673124,2.3439061025325456,0.6010891144537255,1.7832186338828004,Avg,Low,High,Avg,High,High
Mewtwo,2025-10-31,346.0,38.3,19.88,72.2,46.8,378.4,25.6,21.0,92.6,32.4,-0.26816816405444305,1.5048318589873004,-0.2126788740531882,-1.0086668200978204,1.103307621855415,Avg,High,Avg,Low,High,High
Mewtwo,2025-11-06,383.0,9.5,23.08,79.6,23.5,375.7,26.7,20.9,90.9,33.6,0.06352152397895977,-1.94276129702481,0.42988881763309705,-0.5599499846857053,-0.7709265534075519,Avg,Low,Avg,Avg,Avg,Low
Pikachu,2024-03-21,219.0,27.7,20.54,65.7,22.7,,,,,,0.0,0.0,0.0,0.0,0.0,Avg,Avg,Avg,Avg,Avg,Avg
Pikachu,2024-09-15,312.0,31.1,26.3,116.6,45.6,219.0,27.7,20.5,65.7,22.7,0.0,0.0,0.0,0.0,0.0,Avg,Avg,Avg,Avg,Avg,Avg
Pikachu,2024-09-16,338.0,35.2,13.65,77.2,28.2,265.5,29.4,23.4,91.2,34.2,1.1024783147532191,2.4124819593423377,-2.3987615459001983,-0.387588982222096,-0.36744850201397,High,High,Low,Avg,Avg,Low
Pikachu,2024-12-18,519.0,21.4,17.88,111.5,31.6,289.7,31.3,20.2,86.5,32.2,3.665542678527245,-2.6450514497206687,-0.36052217130634046,0.9365398072473818,-0.047403071959663,High,Low,Avg,Avg,Avg,Low
Pikachu,2025-05-14,386.0,17.9,20.73,116.3,16.1,347.0,28.8,19.6,92.8,32.0,0.3106805454481572,-1.875979345057373,0.21479568584558462,0.9372903881007871,-1.6308761819212134,Avg,Low,Avg,Avg,Low,Low
Pikachu,2025-06-10,170.0,31.1,14.16,79.7,47.3,354.8,26.7,19.8,97.5,28.8,-1.6784263460556905,0.6308638674930903,-1.2266047240973723,-0.7346668753764304,1.6696962094707533,Low,Avg,Low,Avg,High,Low
Pikachu,2025-08-05,232.0,37.1,20.24,65.3,34.4,324.0,27.4,18.9,94.5,31.9,-0.7415979445569008,1.4807520964247756,0.2882295598001275,-1.2804012953366823,0.19973585146892484,Avg,High,Avg,Low,Avg,High
Pikachu,2025-08-26,278.0,21.6,24.79,106.5,52.3,310.9,28.8,19.1,90.3,32.3,-0.2773555428364482,-1.0244271706920474,1.3150550042951845,0.6863096722172481,1.7586587618062828,Avg,Low,High,Avg,High,High
Pikachu,2025-09-27,333.0,30.3,23.6,114.4,33.3,306.8,27.9,19.8,92.4,34.8,0.23800565538379165,0.3459622739689257,0.8465355064317869,0.9777497985983593,-0.11613324655428373,Avg,Avg,Avg,Avg,Avg,Avg
Pikachu,2025-12-01,356.0,16.2,18.23,117.5,43.3,309.7,28.2,20.2,94.8,34.6,0.4474979898817773,-1.8190792765990715,-0.4498231608548395,1.0161584711571838,0.7307236943337173,Avg,Low,Avg,High,Avg,Low
Pikachu,2025-12-07,453.0,35.5,28.04,71.3,37.4,314.3,27.0,20.0,97.1,35.5,1.4051171292715274,1.1765124272654253,1.912813682071223,-1.158142659344455,0.1663409311177829,High,High,High,Low,Avg,Avg
Snorlax,2024-02-06,477.0,8.4,22.42,91.2,12.8,,,,,,0.0,0.0,0.0,0.0,0.0,Avg,Avg,Avg,Avg,Avg,Avg
Snorlax,2024-02-27,197.0,14.0,29.57,105.1,30.2,477.0,8.4,22.4,91.2,12.8,0.0,0.0,0.0,0.0,0.0,Avg,Avg,Avg,Avg,Avg,Avg
Snorlax,2024-03-29,464.0,16.8,26.87,115.5,25.4,337.0,11.2,26.0,98.2,21.5,0.6414468657906538,1.4142135623730951,0.17306809329740677,1.7652234033937566,0.31697890191121086,Avg,High,Avg,High,Avg,High
Snorlax,2024-10-07,287.0,18.1,16.16,82.4,46.7,379.3,13.1,26.3,103.9,22.8,-0.5842438821612788,1.1768179080583874,-2.8047691064813303,-1.7661945705104076,2.659498476146594,Avg,High,Low,Low,High,Low
Snorlax,2024-10-25,300.0,29.8,31.64,83.4,27.8,356.2,14.3,23.8,98.6,28.8,-0.41043909215960267,3.595031613897805,1.345792424967149,-1.0331813792839235,-0.06952899023873947,Avg,High,High,Low,Avg,High
Snorlax,2025-01-21,408.0,18.7,28.0,73.1,26.1,345.0,17.4,25.3,95.5,28.6,0.5192709420137145,0.16283353214902735,0.4317820872437908,-1.557669512445151,-0.2040810135193723,Avg,Avg,Avg,Low,Avg,Avg
Snorlax,2025-02-11,298.0,11.8,22.75,82.7,34.2,355.5,17.6,25.8,91.8,28.2,-0.5155945066451565,-0.8273884877040059,-0.5373087344123613,-0.5750446454967014,0.5526971350936518,Avg,Avg,Avg,Avg,Avg,Avg
Snorlax,2025-03-08,445.0,13.7,12.2,93.0,41.8,347.3,16.8,25.3,90.5,29.0,0.9386682163092331,-0.4556688902684892,-2.49515453501621,0.16962439194696663,1.2493277484844723,Avg,Avg,Low,Avg,High,Low
Snorlax,2025-06-07,497.0,11.8,28.87,119.9,48.0,359.5,16.4,23.7,90.8,30.6,1.3430142491504335,-0.7214725784794991,0.7672525132392157,2.1160738515225423,1.6569263938007877,High,Avg,Avg,High,High,Low
Snorlax,2025-10-06,236.0,36.2,29.96,87.8,48.5,374.8,15.9,24.3,94.0,32.6,-1.3071062074925435,3.287584112650347,0.8701268062438544,-0.386898713946536,1.399711427735613,Low,High,Avg,Avg,High,High
Squirtle,2024-02-05,423.0,39.5,19.65,88.4,31.6,,,,,,0.0,0.0,0.0,0.0,0.0,Avg,Avg,Avg,Avg,Avg,Avg
Squirtle,2024-02-08,510.0,27.9,29.65,115.3,22.3,423.0,39.5,19.6,88.4,31.6,0.0,0.0,0.0,0.0,0.0,Avg,Avg,Avg,Avg,Avg,Avg
Squirtle,2024-03-22,198.0,24.3,13.96,71.7,52.2,466.5,33.7,24.6,101.8,27.0,-4.364555649392828,-1.146000645371301,-1.5117942981768382,-1.5850757957453088,3.839665854830176,Low,Low,Low,Low,High,Avg
Squirtle,2024-04-06,504.0,38.3,12.99,118.2,18.6,377.0,30.6,21.1,91.8,35.4,0.788789445845794,0.9735875102836576,-1.0193398387701749,1.2001115858102462,-1.095735751395056,Avg,Avg,Low,High,Low,Low
Squirtle,2024-04-18,262.0,34.1,31.13,110.9,38.6,408.8,32.5,19.1,98.4,31.2,-1.0051782486873835,0.21190039490765622,1.5784241553533316,0.5607881432481785,0.4934934888509571,Low,Avg,High,Avg,Avg,High
Squirtle,2024-05-09,431.0,14.0,20.83,96.0,23.2,379.4,32.8,21.5,100.9,32.7,0.3622252443593444,-2.8609886498767536,-0.07562791529843614,-0.24381881600675226,-0.7035295040777092,Avg,Low,Avg,Avg,Avg,Low
Squirtle,2024-07-11,165.0,18.4,18.72,102.0,50.7,388.0,29.7,21.4,100.1,31.1,-1.72676357256685,-1.1659617418311095,-0.34643253383413336,0.10597413996482112,1.5529623630111846,Low,Low,Avg,Avg,High,High
Squirtle,2024-07-25,406.0,22.6,29.01,83.6,27.6,356.1,28.1,21.0,100.4,33.9,0.344026689574455,-0.5577603528300915,1.137597807775347,-1.0139726690579716,-0.4585042595216921,Avg,Avg,High,Low,Avg,High
Squirtle,2024-11-23,508.0,28.4,22.77,93.0,46.8,362.4,27.4,22.0,98.3,33.1,1.076113541219777,0.10903870348851574,0.10925645035725898,-0.320741181831366,1.0632255754000413,High,Avg,Avg,Avg,High,Low
Squirtle,2025-03-24,308.0,28.8,15.86,106.3,55.0,378.6,27.5,22.1,97.7,34.6,-0.5204249799523654,0.14955377424950217,-0.9335262962133353,0.5581609789742411,1.5809940948440453,Avg,Avg,Avg,Avg,High,Avg
Squirtle,2025-05-30,215.0,19.2,25.15,88.4,16.8,371.5,27.6,21.5,98.5,36.7,-1.2061460508467259,-1.0273351767157346,0.5611256774205154,-0.6843434132595534,-1.443845482945237,Low,Low,Avg,Avg,Low,High
Squirtle,2025-06-01,172.0,32.5,23.57,74.9,24.3,357.3,26.9,21.8,97.6,34.9,-1.4054126999422425,0.6882804968881658,0.280230241945604,-1.5792530712677506,-0.7351296729521697,Low,Avg,Avg,Low,Avg,High
Squirtle,2025-07-12,228.0,37.1,17.2,77.9,22.1,341.8,27.3,21.9,95.7,34.0,-0.8333404248682568,1.224555563003654,-0.7811859475892786,-1.172452310421186,-0.8467501357843168,Avg,High,Avg,Low,Avg,High
Squirtle,2025-08-31,521.0,37.5,27.64,102.6,44.4,333.1,28.1,21.6,94.4,33.1,1.3967796776782775,1.1620560102868644,1.0178820718648505,0.536419856972489,0.8201305716507103,High,High,High,Avg,Avg,Avg
Squirtle,2025-09-07,480.0,35.5,22.02,116.7,39.6,346.5,28.8,22.0,94.9,33.9,0.9626716012195127,0.8241997463640205,0.0018011375336080225,1.4569825627118205,0.4204734482203154,Avg,Avg,Avg,High,Avg,Avg
Squirtle,2025-11-03,457.0,37.0,29.78,107.2,15.5,355.4,29.2,22.0,96.4,34.3,0.7361993017691002,0.9653034381939627,1.3554920133865662,0.6995742707467526,-1.419463126039893,Avg,Avg,High,Avg,Low,High
Squirtle,2025-11-06,389.0,18.3,31.25,113.6,54.1,361.8,29.7,22.5,97.1,33.1,0.20077439855848642,-1.41724609251335,1.491714086743275,1.090001321209802,1.5457904286094841,Avg,Low,High,High,High,High
Sylveon,2024-06-11,374.0,20.1,25.81,77.7,23.6,,,,,,0.0,0.0,0.0,0.0,0.0,Avg,Avg,Avg,Avg,Avg,Avg
Sylveon,2024-06-12,350.0,16.3,12.08,92.8,54.6,374.0,20.1,25.8,77.7,23.6,0.0,0.0,0.0,0.0,0.0,Avg,Avg,Avg,Avg,Avg,Avg
Sylveon,2024-11-11,549.0,33.3,25.81,116.8,39.7,362.0,18.2,18.9,85.2,39.1,11.019080673490366,5.619638103114135,0.7071067811865475,2.9548634366139845,0.027371875400769647,High,High,Avg,High,Avg,Low
Sylveon,2025-02-08,516.0,8.6,22.45,77.6,51.6,424.3,23.2,21.2,95.8,39.3,0.8438481477318186,-1.6400245970218257,0.15348350200598235,-0.9213194883724006,0.7933502806477112,Avg,Low,Avg,Avg,Avg,Low
Sylveon,2025-03-02,316.0,21.8,23.22,78.1,32.5,447.2,19.6,21.5,91.2,42.4,-1.3146325298661043,0.21549278850301193,0.25880993830282845,-0.7100206788510713,-0.701663147237713,Low,Avg,Avg,Avg,Avg,High
Sylveon,2025-03-12,496.0,24.5,12.31,80.4,18.4,421.0,20.0,21.9,88.6,40.4,0.7176787047097375,0.49794071096368553,-1.683799424504924,-0.4809115346650603,-1.6970590799063627,Avg,Avg,Low,Avg,Low,Low
Sylveon,2025-04-02,470.0,32.8,28.04,106.4,30.1,433.5,20.8,20.3,87.2,36.7,0.37109327928190977,1.458155661238783,1.2110957537924283,1.2275367125845948,-0.4522731944973431,Avg,High,High,High,Avg,High
Sylveon,2025-07-01,185.0,30.8,26.38,108.4,39.8,438.7,22.5,21.4,90.0,35.8,-2.7929235402394896,0.9448168145246018,0.7628280338463468,1.1525910513293285,0.2947025751055392,Low,Avg,Avg,High,Avg,High
Sylveon,2025-07-24,455.0,16.3,12.66,71.9,44.9,407.0,23.5,22.0,92.3,36.3,0.39036371744057713,-0.8341797814341579,-1.4822305881967421,-1.259797338053068,0.6786490707905302,Avg,Avg,Low,Low,Avg,Low
Sylveon,2025-10-02,300.0,31.2,29.05,111.8,33.5,412.3,22.7,21.0,90.0,37.2,-0.9673220641595314,1.0030278556748748,1.2099946443244776,1.313910810490056,-0.3065894174528004,Avg,High,High,High,Avg,High
Sylveon,2025-11-03,536.0,26.2,13.87,79.4,38.5,401.1,23.6,21.8,92.2,36.9,1.1719712003642024,0.3128094246794466,-1.1647965376354223,-0.7485765572491871,0.14081516555063367,High,Avg,Low,Avg,Avg,Low
Sylveon,2025-11-22,462.0,21.9,16.56,95.8,39.5,413.4,23.8,21.1,91.0,37.0,0.41738104981290286,-0.23817366004638282,-0.6552340389906468,0.2864541910342289,0.2257750978751965,Avg,Avg,Avg,Avg,Avg,Avg
Sylveon,2025-12-12,403.0,13.0,23.97,109.8,33.9,417.4,23.7,20.7,91.4,37.2,-0.12873380563018935,-1.3899105227200061,0.49162932448532026,1.1523516467268016,-0.31650587737265684,Avg,Low,Avg,High,Avg,Low
Sylveon,2025-12-15,181.0,23.7,27.98,114.9,45.8,416.3,22.8,20.9,92.8,37.0,-2.193089629926722,0.10991130228917925,1.0901267146910052,1.3707114426479279,0.8743094134295686,Low,Avg,High,High,Avg,High
Umbreon,2024-01-15,236.0,35.5,14.08,101.1,51.0,,,,,,0.0,0.0,0.0,0.0,0.0,Avg,Avg,Avg,Avg,Avg,Avg
Umbreon,2024-03-23,216.0,39.2,26.84,96.3,20.0,236.0,35.5,14.1,101.1,51.0,0.0,0.0,0.0,0.0,0.0,Avg,Avg,Avg,Avg,Avg,Avg
Umbreon,2024-04-07,450.0,17.1,25.08,101.6,48.0,226.0,37.4,20.5,98.7,35.5,15.839191898578663,-7.739952604879771,0.512042841548879,0.8544206939337484,0.5702474041826996,High,Low,Avg,Avg,Avg,Low
Umbreon,2024-04-23,464.0,24.0,16.86,113.5,26.7,300.7,30.6,22.0,99.7,39.7,1.259194989279458,-0.557582800745673,-0.7432962912944315,4.727215676803306,-0.7583840268578198,High,Avg,Avg,High,Avg,Low
Umbreon,2024-04-29,441.0,13.1,17.18,92.1,33.7,341.5,29.0,20.7,103.1,36.4,0.7439819869902942,-1.5520083456858287,-0.569832540586341,-1.5066148362069447,-0.1770367194146565,Avg,Low,Avg,Low,Avg,Low
Umbreon,2024-07-04,363.0,30.8,21.51,91.4,18.9,361.4,25.8,20.0,100.9,35.9,0.01289534474434719,0.4429022901305768,0.2682035098968806,-1.1856359986021348,-1.2685177702636732,Avg,Avg,Avg,Low,Low,Avg
Umbreon,2024-09-26,494.0,15.7,25.67,70.3,32.0,361.7,26.6,20.3,99.3,33.1,1.1924212592107355,-1.0554838889498255,1.0723845014631381,-3.555415985617895,-0.07589689431615936,High,Low,High,Low,Avg,Low
Umbreon,2025-02-21,309.0,17.4,27.36,96.8,17.0,380.6,25.1,21.0,95.2,32.9,-0.6334676132812838,-0.7431334580261739,1.2555746696909527,0.1216854795763969,-1.2583693425905629,Avg,Avg,High,Avg,Low,High
Umbreon,2025-04-25,391.0,34.8,25.56,101.2,35.3,371.6,24.1,21.8,95.4,30.9,0.18003223194663448,1.0790401467544026,0.7221980003198972,0.47274431156945745,0.33805357662862634,Avg,High,Avg,Avg,Avg,High
Umbreon,2025-05-27,362.0,29.7,16.8,119.4,45.8,373.8,25.3,22.2,96.0,31.4,-0.11675513549723301,0.4438692032787315,-1.0878445375353967,2.0034541793884744,1.1776014328946645,Avg,Avg,Low,High,High,Low
Umbreon,2025-09-21,218.0,24.9,31.66,90.7,47.3,372.6,25.7,21.7,98.4,32.8,-1.6242977064215485,-0.08761953077299581,1.9865616721449346,-0.5789451498459655,1.1665404758947506,Low,Avg,High,Avg,High,High
Umbreon,2025-09-24,555.0,17.8,30.88,89.8,12.7,358.5,25.7,22.6,97.7,34.2,1.933278815177154,-0.8736838477410698,1.471089122090109,-0.616049935433184,-1.7106542292930387,High,Avg,High,Avg,Low,High
