Name,Date,Braking Phase Duration [ms] (R),Countermovement Depth [cm] (R),Eccentric Mean Force / BM [N/kg] (R),BW [KG],Jump Height (Imp-Mom) [cm] (R),Braking Phase Duration [ms] (R)_avg_prev,Countermovement Depth [cm] (R)_avg_prev,Eccentric Mean Force / BM [N/kg] (R)_avg_prev,BW [KG]_avg_prev,Jump Height (Imp-Mom) [cm] (R)_avg_prev,Braking Phase Duration [ms] (R)_z,Countermovement Depth [cm] (R)_z,Eccentric Mean Force / BM [N/kg] (R)_z,BW [KG]_z,Jump Height (Imp-Mom) [cm] (R)_z,Braking Phase Duration [ms] (R)_class,Countermovement Depth [cm] (R)_class,Eccentric Mean Force / BM [N/kg] (R)_class,BW [KG]_class,Jump Height (Imp-Mom) [cm] (R)_class,Absorption_Class_R
Alakazam,2024-01-15,176.0,19.0,8.6,104.5,12.6,,,,,,0.0,0.0,0.0,0.0,0.0,Avg,Avg,Avg,Avg,Avg,Avg
Alakazam,2024-04-23,252.0,23.6,15.2,81.1,41.0,176.0,19.0,8.6,104.5,12.6,0.0,0.0,0.0,0.0,0.0,Avg,Avg,Avg,Avg,Avg,Avg
Alakazam,2024-06-08,269.0,11.5,12.7,111.8,18.1,214.0,21.3,11.9,92.8,26.8,1.023444025401582,-3.012889763316593,0.17141982574219347,1.1482930634653334,-0.43322739410725086,High,Low,Avg,High,Avg,Low
Alakazam,2024-08-17,335.0,17.1,4.5,105.3,20.4,232.3,18.0,12.2,99.1,23.9,2.073192891714218,-0.1528139339602732,-2.300805422871682,0.3844990691412385,-0.23236970617008676,High,Avg,Low,Avg,Avg,Low
Alakazam,2024-08-20,343.0,12.0,13.7,99.9,34.4,258.0,17.8,10.2,100.7,23.0,1.3007834065385349,-1.1579945460099939,0.7339318128192529,-0.05760702032695025,0.9157049089558218,High,Low,Avg,Avg,Avg,Low
Alakazam,2024-10-01,485.0,34.5,9.6,108.6,28.1,275.0,16.6,10.9,100.5,25.3,3.0804175960242217,3.5338287758262763,-0.30779801665649015,0.6932060733792486,0.23529411764705888,High,High,Avg,Avg,Avg,High
Alakazam,2025-04-22,248.0,35.5,10.4,79.0,32.5,310.0,19.6,10.7,101.9,25.8,-0.5893280523671265,1.8514399362659668,-0.08053305930426348,-2.091175757801334,0.6289960409383595,Avg,High,Avg,Low,Avg,High
Alakazam,2025-05-17,289.0,26.1,26.7,65.8,48.4,301.1,21.9,10.7,98.6,26.7,-0.122833994524075,0.4270789881344779,4.462888060685301,-2.4841357382300173,2.146081747568259,Avg,Avg,High,Low,High,High
Alakazam,2025-06-01,295.0,26.5,10.4,105.7,48.0,299.6,22.4,12.7,94.5,29.4,-0.05047839572432492,0.4415855654984387,-0.3462476095769837,0.6646980427037814,1.5356584667729225,Avg,Avg,Avg,Avg,High,Avg
Alakazam,2025-06-05,206.0,16.9,6.3,114.7,30.5,299.1,22.9,12.4,95.7,31.5,-1.086228115830193,-0.6807277038407975,-0.9886203617171486,1.170268208658127,-0.07758409521490964,Low,Avg,Avg,High,Avg,High
Alakazam,2025-07-14,396.0,25.0,20.1,81.2,43.4,289.8,22.3,11.8,97.6,31.4,1.234683409962801,0.32206650987266505,1.3477170843705015,-1.002098789827249,0.9871501392673572,High,Avg,High,Low,Avg,Low
Alakazam,2025-07-24,506.0,40.0,19.1,96.2,35.7,299.5,22.5,12.6,96.1,32.5,2.35627274881839,2.1626435757061437,1.0296289453171297,0.0033393865103245705,0.2655072411505125,High,High,High,Avg,Avg,High
Alakazam,2025-08-07,443.0,13.7,20.8,85.3,23.0,316.7,24.0,13.1,96.1,32.8,1.2305206597399234,-1.1153259886742903,1.213172535710369,-0.6966810248539087,-0.8440489990331351,High,Low,High,Avg,Avg,Low
Alakazam,2025-08-15,457.0,21.4,16.7,96.8,50.7,326.4,23.2,13.7,95.3,32.0,1.2516567649278463,-0.19252988279141378,0.4662617895163376,0.09759857311903011,1.6403656180685504,High,Avg,Avg,Avg,High,Low
Alakazam,2025-09-30,161.0,10.1,19.1,98.8,47.3,335.7,23.1,13.9,95.4,33.3,-1.6457100903379416,-1.452853600009885,0.8319085914317451,0.23109134037488252,1.159799484080214,Low,Low,Avg,Avg,High,Low
Bulbasaur,2024-01-20,348.0,17.5,23.8,70.9,41.3,,,,,,0.0,0.0,0.0,0.0,0.0,Avg,Avg,Avg,Avg,Avg,Avg
Bulbasaur,2024-03-19,367.0,22.8,10.4,109.9,53.9,348.0,17.5,23.8,70.9,41.3,0.0,0.0,0.0,0.0,0.0,Avg,Avg,Avg,Avg,Avg,Avg
Bulbasaur,2024-04-20,518.0,24.4,9.5,85.9,21.3,357.5,20.2,17.1,90.4,47.6,11.946382987414829,1.1340391773746512,-0.8020912741817555,-0.16317848796612636,-2.9518902135247918,High,High,Avg,Avg,Low,High
Bulbasaur,2024-06-08,346.0,24.0,13.5,109.4,19.1,411.0,21.6,14.6,88.9,38.8,-0.6977961322646655,0.6737632342428317,-0.1331842780973206,1.0420735639394645,-1.2003694181432172,Avg,Avg,Avg,High,Low,Avg
Bulbasaur,2024-06-11,346.0,22.0,10.0,112.3,19.8,394.8,22.2,14.3,94.0,33.9,-0.5894099594744605,-0.054859652977891346,-0.6553883118001351,0.959106178549484,-0.8463928174220786,Avg,Avg,Avg,Avg,Avg,Avg
Bulbasaur,2024-09-17,168.0,25.1,24.6,67.7,47.1,385.0,22.1,13.4,97.7,31.1,-2.8982322659804995,1.0710306122614577,1.8604393222660935,-1.628069185931384,1.017472069923554,Low,High,High,Low,High,High
Bulbasaur,2025-02-20,318.0,13.5,5.4,76.5,35.3,348.8,22.6,15.3,92.7,33.8,-0.27764298130536735,-3.319420300749525,-1.4064997557963042,-0.7886584092836493,0.09982460405684168,Avg,Low,Low,Avg,Avg,Low
Bulbasaur,2025-03-04,407.0,19.2,11.2,72.8,12.6,344.4,21.3,13.9,90.4,34.0,0.6131718070084555,-0.498592738895965,-0.36119688413437495,-0.891699075869696,-1.5064663782568422,Avg,Avg,Avg,Avg,Low,Avg
Bulbasaur,2025-04-16,483.0,14.5,14.9,85.5,19.6,352.2,21.1,13.6,88.2,31.3,1.3475034567109914,-1.6310506542814496,0.19426686957229353,-0.1387985341649815,-0.7721516824655983,High,Low,Avg,Avg,Avg,Low
Bulbasaur,2025-08-01,163.0,12.1,25.2,71.7,31.2,366.8,20.3,13.7,87.9,30.0,-2.0238914852995187,-1.8913464620371825,1.764902146145168,-0.8962834188677676,0.08162934776096756,Low,Low,High,Avg,Avg,Low
Bulbasaur,2025-08-06,375.0,13.1,18.4,70.6,48.8,346.4,19.5,14.8,86.3,30.1,0.24927287856149336,-1.3188289194507157,0.49727009100904657,-0.8812655284688155,1.347272654494148,Avg,Low,Avg,Avg,High,Low
Bulbasaur,2025-08-24,235.0,28.9,27.1,78.3,18.1,349.0,18.9,15.2,84.8,31.8,-1.0440803816657775,1.9946977827379802,1.7395091143043226,-0.37336233005382585,-0.9587330790280062,Low,High,High,Avg,Avg,High
Bulbasaur,2025-10-23,408.0,29.3,11.1,115.9,44.7,339.5,19.8,16.2,84.3,30.7,0.6273851393504327,1.7134094448651545,-0.6857175983847151,1.8816335261122652,0.9872660862388996,Avg,High,Avg,High,Avg,High
Bulbasaur,2025-10-31,228.0,16.6,23.0,91.9,22.6,344.8,20.5,15.8,86.7,31.8,-1.0990306577693312,-0.6539083361562167,1.0014655070205691,0.282625446035996,-0.6470789156903605,Low,Avg,High,Avg,Avg,High
Charizard,2024-01-04,440.0,37.2,26.0,74.4,17.4,,,,,,0.0,0.0,0.0,0.0,0.0,Avg,Avg,Avg,Avg,Avg,Avg
Charizard,2024-03-15,165.0,31.5,6.2,80.6,33.1,440.0,37.2,26.0,74.4,17.4,0.0,0.0,0.0,0.0,0.0,Avg,Avg,Avg,Avg,Avg,Avg
Charizard,2024-06-22,356.0,16.0,12.1,68.2,34.5,302.5,34.4,16.1,77.5,25.2,0.2751288203162203,-4.552775240271278,-0.28569970957032237,-2.121320343559646,0.8332149969395621,Avg,Low,Avg,Low,Avg,Low
Charizard,2024-08-10,228.0,16.4,4.4,107.3,32.0,320.3,28.2,14.8,74.4,28.3,-0.655186963717156,-1.0785989546820534,-1.019759832620069,5.306451612903229,0.38619320103662363,Avg,Low,Low,High,Avg,Low
Charizard,2024-08-27,340.0,13.5,7.1,97.4,45.8,297.2,25.3,12.2,82.6,29.2,0.34480759006133604,-1.0968368147539325,-0.5186069217402105,0.8584471855821576,2.0775877241873726,Avg,Low,Avg,Avg,High,Low
Charizard,2024-10-06,336.0,29.7,14.0,78.4,32.7,305.8,22.9,11.2,85.6,32.6,0.2769104367024974,0.6345405771987289,0.32370479555956577,-0.4403731329146727,0.013836789069558188,Avg,Avg,Avg,Avg,Avg,Avg
Charizard,2024-10-19,492.0,20.1,16.8,88.5,45.8,310.8,24.0,11.6,84.4,32.6,1.842570858524794,-0.39699996240554924,0.6513387008165031,0.276755677405993,1.4604125861863237,High,Avg,Avg,Avg,High,Low
Charizard,2024-10-27,409.0,9.0,29.9,69.4,17.6,336.7,23.5,12.4,85.0,34.5,0.6403009992471085,-1.5737463521885218,2.3371626427304593,-1.1392977881608681,-1.747553934059194,Avg,Low,High,Low,Low,High
Charizard,2024-12-28,428.0,30.0,20.8,78.0,17.5,345.8,21.7,14.6,83.0,32.4,0.7644185038441504,0.837325536251916,0.6701961313749568,-0.3641447759903414,-1.3831043080236471,Avg,Avg,Avg,Avg,Low,Avg
Charizard,2025-02-14,208.0,19.6,18.4,113.5,18.9,354.9,22.6,15.3,82.5,30.7,-1.4081125085464004,-0.3091059247939363,0.3513065560840879,2.3841659156266615,-1.0539708374372714,Low,Avg,Avg,High,Low,High
Charizard,2025-03-11,479.0,34.2,15.5,94.7,34.5,340.2,22.3,15.6,85.6,29.5,1.276114818087458,1.2935631698714667,-0.008238012064799249,0.5810350312258926,0.443506306620117,High,High,Avg,Avg,Avg,High
Charizard,2025-05-25,190.0,14.5,17.3,83.0,31.6,352.8,23.4,15.6,86.4,30.0,-1.462223334626893,-0.9412612711805346,0.21539832534281292,-0.22428885024937165,0.15072225774194792,Low,Avg,Avg,Avg,Avg,High
Charizard,2025-06-16,454.0,29.9,5.8,72.0,15.6,339.2,22.6,15.7,86.1,30.1,0.9883156370955232,0.7758641730760168,-1.2864029316927852,-0.9744470223175595,-1.4166468545244515,Avg,Avg,Low,Avg,Low,Low
Charizard,2025-09-17,510.0,22.2,10.2,117.9,31.9,348.1,23.2,14.9,85.0,29.0,1.4003580362808234,-0.10892862729387383,-0.6030814748532025,2.2806671642824456,0.2734571631487413,High,Avg,Avg,High,Avg,Low
Charizard,2025-09-25,399.0,32.2,10.3,81.6,25.6,359.6,23.1,14.6,87.4,29.2,0.33010866929100585,1.0280150786380584,-0.5617945610529148,-0.3523900364728348,-0.3530065877287785,Avg,High,Avg,Avg,Avg,High
Charizard,2025-10-13,186.0,13.4,23.3,71.0,51.0,362.3,23.7,14.3,87.0,29.0,-1.5282824843577152,-1.1715906439756485,1.201963899549802,-1.0076439239352388,2.227706228242036,Low,Low,High,Low,High,Low
Charizard,2025-12-15,452.0,32.7,10.9,81.0,45.0,351.2,23.1,14.9,86.0,30.3,0.840824075008763,1.0795894716733279,-0.5267001290530915,-0.3151320122930908,1.3288549928618985,Avg,High,Avg,Avg,High,High
Dragonite,2024-01-11,169.0,19.7,5.3,95.4,34.6,,,,,,0.0,0.0,0.0,0.0,0.0,Avg,Avg,Avg,Avg,Avg,Avg
Dragonite,2024-02-22,186.0,39.2,11.8,87.6,33.0,169.0,19.7,5.3,95.4,34.6,0.0,0.0,0.0,0.0,0.0,Avg,Avg,Avg,Avg,Avg,Avg
Dragonite,2024-04-22,371.0,27.3,22.5,79.7,28.2,177.5,29.4,8.6,91.5,33.8,16.097077901129055,-0.15592611072318754,3.0351198761699494,-2.1394512866669864,-4.949747468305838,High,Avg,High,Low,Low,Low
Dragonite,2024-05-14,216.0,28.3,27.4,79.3,28.7,242.0,28.7,13.2,87.6,31.9,-0.2320596236396225,-0.04408857291012747,1.6349944791460695,-1.0530714358400228,-0.9707769324433416,Avg,Avg,High,Low,Avg,High
Dragonite,2024-06-17,191.0,21.3,28.5,70.4,28.1,235.5,28.6,16.8,85.5,31.1,-0.4816043640172299,-0.9124287810025871,1.1709283454203798,-1.9798845151699478,-0.9561508567746159,Avg,Avg,High,Low,Avg,High
Dragonite,2024-06-28,482.0,8.6,6.0,104.4,27.6,226.6,27.2,19.1,82.5,30.5,3.097339357695657,-2.4149149426567416,-1.2899362846141975,2.320557874448921,-0.9556066692127969,High,Low,Low,High,Avg,Low
Dragonite,2024-10-01,472.0,29.6,8.0,111.3,12.7,269.2,24.1,16.9,86.1,30.0,1.5881791044757023,0.540857226334392,-0.8459147725589333,2.0449038731946265,-5.813195451017427,High,Avg,Avg,High,Low,Low
Dragonite,2024-11-04,180.0,28.6,9.3,116.2,21.6,298.1,24.9,15.6,89.7,27.6,-0.8466942650437932,0.391079044589879,-0.6221193047939546,1.7982450686090898,-0.8397047391563732,Avg,Avg,Avg,High,Avg,Avg
Dragonite,2024-12-03,467.0,10.2,5.3,108.0,13.3,283.4,25.3,14.8,93.0,26.8,1.3524845874859253,-1.688262632768803,-0.9843343432271052,0.9050180683858928,-1.9590425249360357,High,Low,Avg,Avg,Low,Low
Dragonite,2025-01-11,498.0,36.7,13.1,74.5,24.0,303.8,23.6,13.8,94.7,25.3,1.3776550686760203,1.334928223002282,-0.07162876169091405,-1.2431240008535922,-0.16662404082438992,High,High,Avg,Low,Avg,High
Dragonite,2025-03-31,409.0,31.5,5.6,103.7,22.2,323.2,25.0,13.7,92.7,25.2,0.585979063959161,0.6483400945983917,-0.8952519013746926,0.6639175320045485,-0.4010638410205781,Avg,Avg,Avg,Avg,Avg,Avg
Dragonite,2025-09-11,451.0,32.3,13.8,106.4,19.3,331.0,25.5,13.0,93.7,24.9,0.8492800831808357,0.6902508434293463,0.09145628358592753,0.79027297205984,-0.7893483064972204,Avg,Avg,Avg,Avg,Avg,Avg
Dragonite,2025-11-10,507.0,27.7,28.1,77.4,40.3,341.0,26.1,13.0,94.7,24.4,1.1933605699975598,0.1669847456993244,1.7637220303840264,-1.0991341325105577,2.276507089281083,High,Avg,High,Low,High,Low
Dragonite,2025-12-11,272.0,13.3,18.0,99.3,33.7,353.8,26.2,14.2,93.4,25.7,-0.5802760371896326,-1.4152586202942623,0.41335882940673885,0.3716817413616348,1.0061640659507407,Avg,Low,Avg,Avg,High,Low
Eevee,2024-01-21,358.0,13.9,13.1,83.0,53.4,,,,,,0.0,0.0,0.0,0.0,0.0,Avg,Avg,Avg,Avg,Avg,Avg
Eevee,2024-01-21,492.0,28.8,15.7,113.0,21.9,358.0,13.9,13.1,83.0,53.4,0.0,0.0,0.0,0.0,0.0,Avg,Avg,Avg,Avg,Avg,Avg
Eevee,2024-02-01,363.0,10.4,13.1,100.8,15.9,425.0,21.4,14.4,98.0,37.6,-0.654337618411432,-1.0393045978513686,-0.7071067811865468,0.13199326582148874,-0.9764807930671371,Avg,Low,Avg,Avg,Avg,Low
Eevee,2024-02-14,468.0,17.9,11.5,66.6,34.1,404.3,17.7,14.0,98.9,30.4,0.8381305319537019,0.020468995681894312,-1.6432276892320121,-2.14314536873828,0.18368447859615436,Avg,Avg,Low,Low,Avg,Low
Eevee,2024-03-26,364.0,34.7,10.3,84.6,30.1,420.2,17.8,13.4,90.8,31.3,-0.8068507783919132,2.1244560737909968,-1.7541099949293137,-0.3075039279572614,-0.07401542468310406,Avg,High,Low,Avg,Avg,Low
Eevee,2024-05-26,486.0,8.3,12.5,86.4,13.4,409.0,21.1,12.7,89.6,31.1,1.17725443458076,-1.2518461600368471,-0.11812488464372387,-0.1795487494569581,-1.232596079515013,High,Low,Avg,Avg,Low,Low
Eevee,2024-07-09,226.0,23.4,21.2,65.4,49.9,421.8,19.0,12.7,89.1,28.1,-2.948759959703206,0.4164307226387536,4.670611686553494,-1.4796908166655731,1.4786719131854045,Low,Avg,High,Low,High,High
Eevee,2024-07-29,230.0,33.1,4.3,103.4,35.4,393.9,19.6,13.9,85.7,31.2,-1.712602347853055,1.3763632146217906,-2.6582109160751815,1.0345299611886603,0.2638408211520884,Low,High,Low,High,Avg,High
Eevee,2024-09-14,492.0,20.1,15.8,92.0,23.1,373.4,21.3,12.7,87.9,31.8,1.1207731308424218,-0.1184416464885075,0.6470746753776712,0.24053762914466595,-0.5908406589223142,High,Avg,Avg,Avg,Avg,Low
Eevee,2024-09-16,368.0,24.0,19.4,86.1,21.0,386.6,21.2,13.1,88.4,30.8,-0.17405014180149594,0.29445802187082937,1.3851218551461089,-0.14094806002079782,-0.6992467532766609,Avg,Avg,High,Avg,Avg,High
Eevee,2024-09-17,344.0,21.0,5.5,104.2,34.5,384.7,21.5,13.7,88.1,29.8,-0.40423350536171854,-0.050659209060166126,-1.7199532333763725,1.063929711542178,0.3448251584092671,Avg,Avg,Low,High,Avg,Low
Eevee,2024-09-21,405.0,22.1,12.4,66.2,15.2,381.0,21.4,12.9,89.6,30.2,0.24921433121219644,0.07913919228085324,-0.10594900813580946,-1.5463736186892088,-1.161567977562382,Avg,Avg,Avg,Low,Low,Avg
Eevee,2025-06-20,410.0,11.8,25.5,79.7,53.8,383.0,21.5,12.9,87.6,29.0,0.29321698132005997,-1.1774588029937632,2.5655583314824097,-0.49869828335807725,1.8950115272025407,Avg,Low,High,Avg,High,High
Eevee,2025-07-30,229.0,13.6,23.3,83.6,44.8,385.1,20.7,13.9,87.0,30.9,-1.763994729022335,-0.857880449730349,1.609751645485486,-0.2227033756978127,0.9721349417559055,Low,Avg,High,Avg,Avg,High
Eevee,2025-09-30,429.0,9.1,25.7,75.8,43.9,373.9,20.2,14.5,86.8,31.9,0.5815911554776143,-1.354580945438131,1.809095932816914,-0.7408202818325264,0.8437360435193244,Avg,Low,High,Avg,Avg,High
Eevee,2025-11-11,345.0,21.6,24.2,71.8,47.7,377.6,19.5,15.3,86.1,32.7,-0.3530133212877861,0.25188371377656615,1.3496230585513556,-0.9783664614706581,1.0673808329250172,Avg,Avg,High,Avg,High,High
Eevee,2025-11-24,211.0,38.8,13.1,69.9,51.8,375.6,19.6,15.8,85.2,33.6,-1.8368826473401603,2.3547435672603685,-0.4059822464941049,-1.051239167156543,1.2893673270437531,Low,High,Avg,Low,High,High
Garchomp,2024-01-08,485.0,17.2,10.9,70.8,37.0,,,,,,0.0,0.0,0.0,0.0,0.0,Avg,Avg,Avg,Avg,Avg,Avg
Garchomp,2024-01-15,299.0,15.8,18.1,96.9,46.4,485.0,17.2,10.9,70.8,37.0,0.0,0.0,0.0,0.0,0.0,Avg,Avg,Avg,Avg,Avg,Avg
Garchomp,2024-04-09,485.0,16.0,15.8,71.4,22.3,392.0,16.5,14.5,83.8,41.7,0.7071067811865475,-0.505076272276106,0.25534411542847557,-0.6745961245802685,-2.918696075535964,Avg,Avg,Avg,Avg,Low,Avg
Garchomp,2024-04-17,358.0,31.2,16.8,94.7,52.8,423.0,16.3,14.9,79.7,35.2,-0.605286572537511,19.634055211061437,0.5076038364247281,1.006802112289156,1.4462040221024306,Avg,High,Avg,High,High,High
Garchomp,2024-07-23,294.0,20.9,9.5,67.4,45.7,406.8,20.0,15.4,83.4,39.6,-1.2057444393049352,0.11395630908836776,-1.8764070917145927,-1.123091830291055,0.45856022329059476,Low,Avg,Low,Low,Avg,Low
Garchomp,2024-12-21,508.0,32.6,7.5,102.0,35.4,384.2,20.2,14.2,80.2,40.8,1.2977267162555453,1.9131930389082183,-1.772291426937523,1.5209235881902383,-0.4613932023092387,High,High,Low,High,Avg,High
Garchomp,2025-02-16,379.0,20.3,21.7,79.8,17.0,404.8,22.3,13.1,83.9,39.9,-0.26049176694925347,-0.2581168798985135,1.9715231448339459,-0.2610537488986372,-2.127998349852433,Avg,Avg,High,Avg,Low,High
Garchomp,2025-04-06,508.0,22.4,5.0,118.6,46.6,401.1,22.0,14.3,83.3,36.7,1.1735358432655156,0.05670289853133987,-1.8148016537255895,2.4689383573054466,0.7583131720234211,High,Avg,Low,High,Avg,Low
Garchomp,2025-06-09,351.0,20.7,9.4,114.1,43.9,414.5,22.0,13.2,87.7,37.9,-0.6873808139652621,-0.20665724633113575,-0.649813374015176,1.4505306831304945,0.47476148990755696,Avg,Avg,Avg,High,Avg,Avg
Garchomp,2025-06-22,314.0,31.3,15.0,120.0,13.9,407.4,21.9,12.7,90.6,38.6,-1.0503170271674434,1.534144469787183,0.4057136671907903,1.532337873277789,-2.057324328997478,Low,High,Avg,High,Low,High
Garchomp,2025-07-09,496.0,31.1,10.0,112.7,42.6,398.1,22.8,13.0,93.6,36.1,1.1008349493200436,1.271414714911278,-0.5614543958608902,0.9416524956401185,0.47327587796925574,High,High,Avg,Avg,Avg,High
Garchomp,2025-11-13,441.0,29.2,24.2,65.6,37.1,407.0,23.6,12.7,95.3,36.7,0.3803836438707568,0.8437928457700193,2.2559430051429996,-1.4767837577476013,0.03104855045898388,Avg,Avg,High,Low,Avg,High
Garchomp,2025-12-12,317.0,15.5,22.3,78.8,29.7,409.8,24.1,13.7,92.8,36.7,-1.082136448704663,-1.308277842219976,1.4681842178988498,-0.6678970074547202,-0.5591714432072306,Low,Low,High,Avg,Avg,Low
Gengar,2024-01-03,493.0,8.1,6.9,110.6,31.8,,,,,,0.0,0.0,0.0,0.0,0.0,Avg,Avg,Avg,Avg,Avg,Avg
Gengar,2024-01-06,454.0,21.3,19.9,74.5,23.4,493.0,8.1,6.9,110.6,31.8,0.0,0.0,0.0,0.0,0.0,Avg,Avg,Avg,Avg,Avg,Avg
Gengar,2024-02-05,281.0,19.3,4.4,108.3,53.0,473.5,14.7,13.4,92.6,27.6,-6.980413096328738,0.4928319990088059,-0.979070927796758,0.6170045320602839,4.276312438604357,Low,Avg,Avg,Avg,High,High
Gengar,2024-02-21,363.0,30.5,15.1,102.0,44.9,409.3,16.2,10.4,97.8,36.1,-0.41061947704887075,2.0053493617128044,0.5647912620385434,0.20780623586156857,0.5790721104748556,Avg,High,Avg,Avg,Avg,High
Gengar,2024-06-28,373.0,31.3,26.6,80.8,21.3,397.8,19.8,11.6,98.8,38.3,-0.26052751859704526,1.250098467840556,2.089848074605012,-1.085035264919946,-1.2845266012436258,Avg,High,High,Low,Low,High
Gengar,2024-07-01,334.0,19.9,19.0,73.6,34.7,392.8,22.1,14.6,95.2,34.9,-0.7083206429798717,-0.23200349733527909,0.4824999742991787,-1.3104013625376716,-0.01310670732006808,Avg,Avg,Avg,Low,Avg,Avg
Gengar,2024-08-09,443.0,30.3,7.8,77.3,26.8,383.0,21.7,15.3,91.6,34.8,0.7689022487078933,1.0044244126030473,-0.8959233121725807,-0.8328005234499475,-0.6553362806685962,Avg,High,Avg,Avg,Avg,High
Gengar,2024-10-23,441.0,35.0,29.9,68.2,23.9,391.6,23.0,14.2,89.6,33.7,0.6611892827712658,1.4281900674656285,1.9166971685728085,-1.2868070178001347,-0.8434497065073934,Avg,High,High,Low,Avg,High
Gengar,2024-11-02,309.0,19.5,22.8,91.7,23.7,397.8,24.5,16.2,86.9,32.5,-1.2432797809606801,-0.5580631823930047,0.704202839630928,0.2792555013666661,-0.7764596371233902,Low,Avg,Avg,Avg,Avg,High
Gengar,2024-11-04,237.0,20.6,22.2,76.6,16.2,387.9,23.9,16.9,87.4,31.5,-2.0660289801700173,-0.3904185685932332,0.5826728790140557,-0.6729092047833959,-1.3948919483251332,Low,Avg,Avg,Avg,Low,High
Gengar,2024-11-18,388.0,15.0,21.3,90.8,51.1,372.8,23.6,17.5,86.4,30.0,0.18144219084575572,-1.063967065269458,0.4422390327505866,0.2850488368133975,1.8507252202642324,Avg,Low,Avg,Avg,High,Low
Gengar,2025-01-08,519.0,25.6,14.4,94.2,27.8,374.2,22.8,17.8,86.8,31.9,1.8191798204850924,0.34671101077458405,-0.40982196820486044,0.501188082531124,-0.3255532330354183,High,Avg,Avg,Avg,Avg,Low
Gengar,2025-06-30,494.0,15.8,18.0,81.8,43.8,386.2,23.0,17.5,87.4,31.6,1.2434646871411903,-0.934253516410226,0.05943317420779507,-0.39019953144091435,1.0175017161085684,High,Avg,Avg,Avg,High,Low
Gengar,2025-12-03,352.0,14.2,7.2,116.9,12.9,394.5,22.5,17.6,87.0,32.5,-0.48239276872832393,-1.0778048583418438,-1.3539090253880044,2.1720592509785104,-1.6303780064237572,Avg,Low,Low,High,Low,Low
Greninja,2024-03-15,376.0,21.1,9.8,90.0,15.4,,,,,,0.0,0.0,0.0,0.0,0.0,Avg,Avg,Avg,Avg,Avg,Avg
Greninja,2024-03-29,332.0,35.3,15.5,76.6,41.3,376.0,21.1,9.8,90.0,15.4,0.0,0.0,0.0,0.0,0.0,Avg,Avg,Avg,Avg,Avg,Avg
Greninja,2024-04-04,214.0,23.8,13.9,102.7,24.3,354.0,28.2,12.6,83.3,28.4,-4.499770425732575,-0.43820701932687456,0.3101345531519945,2.0474435156744804,-0.22114150299656496,Low,Avg,Avg,High,Avg,High
Greninja,2024-05-25,470.0,38.9,15.2,86.9,44.1,307.3,26.7,13.1,89.8,27.0,1.9418358465964596,1.6134497812366766,0.7256347762563901,-0.219641613711818,1.2994506237419488,High,High,Avg,Avg,High,High
Greninja,2024-09-15,409.0,11.4,30.6,69.0,15.7,348.0,29.8,13.6,89.0,31.3,0.5740090789075037,-2.1229537866189916,6.471789394828489,-1.864679322312891,-1.134268174359664,Avg,Low,High,Low,Low,High
Greninja,2024-09-22,384.0,13.1,19.9,68.6,37.7,360.2,26.1,17.0,85.0,28.2,0.24794088082569962,-1.1687783884168323,0.3654381720107037,-1.2717352093241046,0.6922355154464829,Avg,Low,Avg,Low,Avg,Low
Greninja,2024-12-23,378.0,34.0,24.6,69.1,48.3,364.2,23.9,17.5,82.3,29.8,0.16009937472268976,0.8927849527905152,0.9889825123929166,-0.9873426873742177,1.434965285907255,Avg,Avg,Avg,Avg,High,Avg
Greninja,2025-07-02,334.0,38.8,10.4,110.9,49.4,366.1,25.4,18.5,80.4,32.4,-0.40661728360718996,1.2236865825320595,-1.1411091942372549,2.3121920185320417,1.2384807574064949,Avg,High,Low,High,High,Low
Greninja,2025-07-13,249.0,31.4,22.6,88.0,48.5,362.1,27.0,17.5,84.2,34.5,-1.5274242179554471,0.3878939976507164,0.7131727928498565,0.23181925050282087,0.9941018341563364,Low,Avg,Avg,Avg,Avg,High
Greninja,2025-07-24,490.0,30.0,13.0,87.9,23.5,349.6,27.5,18.1,84.6,36.1,1.7805576608772038,0.23292736158620134,-0.7306946262586509,0.21299863201932062,-0.9015877739610523,High,Avg,Avg,Avg,Avg,Low
Greninja,2025-10-09,458.0,8.8,13.1,101.9,14.3,363.6,27.8,17.6,85.0,34.8,1.0898403474761293,-1.8952265752493505,-0.6625779354348955,1.1718699918801807,-1.4933321892019924,High,Low,Avg,High,Low,Low
Greninja,2025-10-17,290.0,25.3,7.1,90.3,20.1,372.2,26.1,17.1,86.5,33.0,-0.9450204883583566,-0.06803155278469125,-1.5427779607349732,0.25920122794568423,-0.8908426519311787,Avg,Avg,Low,Avg,Avg,Low
Greninja,2025-12-09,174.0,35.0,12.4,78.8,49.6,365.3,26.0,16.3,86.8,31.9,-2.218534002776959,0.8516745299790771,-0.5703819054277779,-0.5737224387237057,1.2432945672563203,Low,Avg,Avg,Avg,High,High
Jigglypuff,2024-01-24,246.0,22.2,12.9,67.3,30.7,,,,,,0.0,0.0,0.0,0.0,0.0,Avg,Avg,Avg,Avg,Avg,Avg
Jigglypuff,2024-04-17,459.0,23.1,10.6,98.9,37.9,246.0,22.2,12.9,67.3,30.7,0.0,0.0,0.0,0.0,0.0,Avg,Avg,Avg,Avg,Avg,Avg
Jigglypuff,2024-06-06,418.0,11.8,14.1,81.1,15.7,352.5,22.6,11.8,83.1,34.3,0.43488726918045884,-17.0491301686089,1.4449573354681615,-0.08950718749196801,-3.6533850361304947,Avg,Low,High,Avg,Low,High
Jigglypuff,2024-07-10,162.0,29.2,6.1,99.8,48.0,374.3,19.0,12.5,82.4,28.1,-1.8788108324545012,1.6187947220107668,-3.6171254842109466,1.0962325143961769,1.757007441109315,Low,High,Low,High,High,High
Jigglypuff,2024-07-25,252.0,14.0,24.4,65.2,23.7,321.2,21.6,10.9,86.8,33.1,-0.49230929066764545,-1.049094179096716,3.8180567530318057,-1.3848468591588734,-0.6901549566314127,Avg,Low,High,Low,Avg,High
Jigglypuff,2024-08-26,262.0,36.4,6.0,114.0,28.9,307.4,20.1,13.6,82.5,31.2,-0.3611967236075041,2.2975830897041933,-1.1277200072468019,1.901473806239815,-0.18416508590862435,Avg,High,Low,High,Avg,Low
Jigglypuff,2024-10-23,282.0,12.3,21.3,81.6,41.7,299.8,22.8,12.4,87.7,30.8,-0.15651365973208775,-1.1373336362382884,1.3167033712624345,-0.31136979930593484,0.970884204140202,Avg,Low,High,Avg,Avg,High
Jigglypuff,2025-04-16,450.0,19.7,5.3,97.3,11.8,297.3,21.3,13.6,86.8,32.4,1.4651430447926879,-0.17049564838104905,-1.1784777857710047,0.578343648061628,-1.865236464755327,High,Avg,Low,Avg,Low,Low
Jigglypuff,2025-05-11,373.0,26.5,20.4,78.2,28.9,316.4,21.1,12.6,88.2,29.8,0.5120837150406993,0.6272505927179253,1.0888435646890215,-0.5804001416201058,-0.07179189997555319,Avg,Avg,High,Avg,Avg,High
Jigglypuff,2025-10-12,230.0,17.2,18.5,85.0,37.3,322.7,21.7,13.5,87.0,29.7,-0.8813314279653599,-0.5427394684026027,0.7006998901872551,-0.12484757598195836,0.647888736906523,Avg,Avg,Avg,Avg,Avg,Avg
Lucario,2024-02-20,461.0,23.7,8.1,96.4,42.2,,,,,,0.0,0.0,0.0,0.0,0.0,Avg,Avg,Avg,Avg,Avg,Avg
Lucario,2024-02-27,211.0,26.9,28.2,70.8,41.1,461.0,23.7,8.1,96.4,42.2,0.0,0.0,0.0,0.0,0.0,Avg,Avg,Avg,Avg,Avg,Avg
Lucario,2024-07-11,352.0,32.0,17.3,71.6,52.7,336.0,25.3,18.2,83.6,41.7,0.09050966799187808,2.9610096462186677,-0.05980505114513073,-0.6629126073623882,14.206418058384205,Avg,High,Avg,Avg,High,High
Lucario,2024-07-20,189.0,34.0,13.7,102.1,48.2,341.3,27.5,17.9,79.6,45.3,-1.215352463038971,1.544799478147155,-0.4141002956559232,1.545889809176191,0.44767991941316687,Low,High,Avg,High,Avg,High
Lucario,2024-07-31,417.0,32.3,12.3,88.5,19.4,303.2,29.2,16.8,85.2,46.1,0.8916450821596222,0.6695059500377668,-0.5338853655214525,0.20013120138352058,-4.915836391815641,Avg,Avg,Avg,Avg,Low,Avg
Lucario,2024-11-24,488.0,27.1,13.8,68.9,31.1,326.0,29.8,15.9,85.9,40.7,1.331901804637324,-0.6216273936691971,-0.27843685467194385,-1.1918005276830392,-0.7509966238199013,High,Avg,Avg,Low,Avg,Low
Lucario,2025-08-19,329.0,34.6,17.9,110.4,23.5,353.0,29.3,15.6,83.0,39.1,-0.18850828886878684,1.3139321535037745,0.339893941890498,1.885341765767367,-1.289385133325137,Avg,High,Avg,High,Low,High
Lucario,2025-08-31,179.0,22.5,8.4,117.7,33.4,349.6,30.1,15.9,87.0,36.9,-1.4631785280219354,-1.8210793203721276,-1.1851136578499433,1.8299659354620283,-0.2781152204909704,Low,Low,Low,High,Avg,Low
Lucario,2025-10-03,432.0,37.6,27.1,70.3,12.6,328.2,29.1,15.0,90.8,36.4,0.8391706966512715,1.8015297724851704,1.8872955478750637,-1.0803677008585495,-2.0438972319644195,Avg,High,High,Low,Low,High
Lucario,2025-10-17,195.0,33.6,9.0,73.2,32.7,339.8,30.1,16.3,88.5,33.8,-1.1993937483803185,0.6745566474740403,-1.0084664256602258,-0.8056080979884374,-0.08146025318013901,Low,Avg,Low,Avg,Avg,Low
Lucario,2025-10-18,229.0,12.8,9.5,103.0,40.6,325.3,30.4,15.6,87.0,33.7,-0.785036667541397,-3.4929271943375073,-0.8426259186878241,0.861920417411552,0.5425569533737848,Avg,Low,Avg,Avg,Avg,Low
Lucario,2025-10-26,396.0,30.9,5.8,107.1,27.9,316.5,28.8,15.0,88.4,34.3,0.6624416370242336,0.28971719989678785,-1.302095580110489,1.0210023009406441,-0.5234744513566875,Avg,Avg,Low,High,Avg,Low
Lucario,2025-11-30,189.0,12.1,11.4,115.7,50.5,323.2,29.0,14.3,90.0,33.8,-1.1502864335091998,-2.4680320676647614,-0.393558628660213,1.4094637893648472,1.4123500749324824,Low,Low,Avg,High,High,Low
Machamp,2024-01-07,486.0,33.6,7.9,68.8,23.4,,,,,,0.0,0.0,0.0,0.0,0.0,Avg,Avg,Avg,Avg,Avg,Avg
Machamp,2024-03-21,237.0,30.5,8.4,101.2,26.0,486.0,33.6,7.9,68.8,23.4,0.0,0.0,0.0,0.0,0.0,Avg,Avg,Avg,Avg,Avg,Avg
Machamp,2024-03-25,468.0,13.1,5.2,115.5,53.6,361.5,32.0,8.2,85.0,24.7,0.6048744754728298,-8.64495064740973,-8.34386001800126,1.331281285567265,15.719527674070164,Avg,Low,Low,High,High,Low
Machamp,2024-04-01,205.0,18.2,21.4,74.4,42.4,397.0,25.7,7.2,95.2,34.3,-1.3827270259592213,-0.6817472965127208,8.268302691382642,-0.8679010151843076,0.481995213255925,Low,Avg,High,Avg,Avg,High
Machamp,2024-04-27,269.0,22.9,20.3,107.6,28.7,349.0,23.8,10.7,90.0,36.4,-0.5385038596771402,-0.09716668235270237,1.3199365174472375,0.79662627390192,-0.5369291491562448,Avg,Avg,High,Avg,Avg,High
Machamp,2024-08-18,167.0,11.5,7.9,78.9,39.8,333.0,23.7,12.6,93.5,34.8,-1.2430882794432885,-1.4343353055831347,-0.623452186146051,-0.7046893432369704,0.3889295877929051,Low,Low,Avg,Avg,Avg,Low
Machamp,2024-09-11,255.0,14.2,30.4,70.4,22.8,305.3,21.6,11.8,91.1,35.6,-0.3665221288889787,-0.8201611803382227,2.6237072623194013,-1.0616780782252704,-1.1047455329778946,Avg,Avg,High,Low,Low,High
Machamp,2024-12-05,353.0,32.2,5.3,90.1,31.7,298.1,20.6,14.5,88.1,33.8,0.4326375861165387,1.3308650909968136,-0.9654127249809438,0.10229824282780717,-0.18107578363926466,Avg,High,Avg,Avg,Avg,High
Machamp,2025-06-09,219.0,38.7,8.5,116.7,36.8,305.0,22.0,13.4,88.4,33.6,-0.7227948116195435,1.837615985643207,-0.515782358025637,1.5756334716982126,0.2999284110937062,Avg,High,Avg,High,Avg,High
Machamp,2025-06-19,469.0,37.7,11.7,102.8,13.8,295.4,23.9,12.8,91.5,33.9,1.510090910103239,1.3623114719553289,-0.12424066691682416,0.5851081047045942,-1.9728762595117098,High,High,Avg,Avg,Low,High
Machamp,2025-06-20,280.0,32.8,29.5,68.7,14.6,312.8,25.3,12.7,92.6,31.9,-0.27003878772906303,0.7169206599380266,1.9907424285614372,-1.291454266276305,-1.5011540586095589,Avg,Avg,High,Low,Low,High
Machamp,2025-06-29,308.0,12.4,6.6,114.8,33.4,309.8,25.9,14.2,90.5,30.3,-0.01572080463877781,-1.3236751192492,-0.8050853603334285,1.2802079275996066,0.2536585401569022,Avg,Low,Avg,High,Avg,Low
Machamp,2025-08-09,438.0,36.9,8.3,105.1,43.9,309.7,24.8,13.6,92.5,30.6,1.163773217332407,1.149549433111142,-0.5691522267591472,0.6486127386109526,1.14958306183062,High,High,Avg,Avg,High,High
Mewtwo,2024-03-07,415.0,13.8,11.0,116.1,27.3,,,,,,0.0,0.0,0.0,0.0,0.0,Avg,Avg,Avg,Avg,Avg,Avg
Mewtwo,2024-03-25,473.0,8.8,15.8,68.6,37.0,415.0,13.8,11.0,116.1,27.3,0.0,0.0,0.0,0.0,0.0,Avg,Avg,Avg,Avg,Avg,Avg
Mewtwo,2024-05-10,252.0,22.1,31.0,68.4,17.3,444.0,11.3,13.4,92.4,32.2,-4.681534551304039,3.0547012947258856,5.185449728701348,-0.7130613646070655,-2.165058907344377,Low,High,High,Avg,Low,High
Mewtwo,2024-05-19,252.0,23.2,18.6,113.7,24.0,380.0,14.9,19.3,84.4,27.2,-1.1171053853933373,1.2355076124783333,-0.0638511805298494,1.0673631793247353,-0.3248605405603311,Low,High,Avg,High,Avg,High
Mewtwo,2024-06-19,417.0,39.7,15.6,73.7,31.4,348.0,17.0,19.1,91.7,26.4,0.6087234879242689,3.3039330841686247,-0.4102438969139214,-0.6714641883969495,0.6097258719631401,Avg,High,Avg,Avg,Avg,High
Mewtwo,2024-09-03,403.0,37.0,10.9,100.9,33.2,361.8,21.5,18.4,88.1,27.4,0.40038324402125747,1.3140983096377619,-0.9930508899982047,0.5209259625463708,0.7789973272957859,Avg,High,Avg,Avg,Avg,High
Mewtwo,2025-02-09,432.0,19.1,14.8,115.3,26.4,368.7,24.1,17.2,90.2,28.4,0.6769122639881473,-0.4069589167386374,-0.31685377257735525,1.1096240438210747,-0.27825483806516427,Avg,Avg,Avg,High,Avg,Avg
Mewtwo,2025-04-24,168.0,29.4,16.1,107.6,54.5,377.7,23.4,16.8,93.8,28.1,-2.3642776045076466,0.528781264499151,-0.10460396022552755,0.6074545828952373,4.067037989807517,Low,Avg,Avg,Avg,High,High
Mewtwo,2025-05-18,384.0,36.3,18.9,76.5,32.7,351.5,24.1,16.7,95.5,31.4,0.2937428536063689,1.1321644987643293,0.3437657393800943,-0.8826451632938549,0.11816662836219269,Avg,High,Avg,Avg,Avg,High
Mewtwo,2025-07-09,349.0,27.6,12.7,73.5,46.5,355.1,25.5,17.0,93.4,31.5,-0.05872645714634879,0.19482614864814335,-0.7155725007164365,-0.9419443618318021,1.4392356356793525,Avg,Avg,Avg,Avg,High,Avg
Mewtwo,2025-10-04,468.0,16.5,14.9,104.0,33.9,354.5,25.7,16.5,91.4,33.0,1.1566487947704625,-0.8986176761104678,-0.2836764603284746,0.6010891144537255,0.07991256761101188,High,Avg,Avg,Avg,Avg,Low
Mewtwo,2025-10-31,298.0,10.5,20.3,72.2,26.8,364.8,24.9,16.4,92.6,33.1,-0.6736825392175553,-1.4220129588631414,0.7098654133307848,-1.0086668200978204,-0.610662619950746,Avg,Low,Avg,Low,Avg,Low
Mewtwo,2025-11-06,276.0,27.3,10.6,79.6,13.4,359.2,23.7,16.7,90.9,32.6,-0.8625616863193106,0.3465097081022938,-1.1389529347803504,-0.5599499846857053,-1.914944558785529,Avg,Avg,Low,Avg,Low,Low
Pikachu,2024-03-21,470.0,22.7,22.8,65.7,44.7,,,,,,0.0,0.0,0.0,0.0,0.0,Avg,Avg,Avg,Avg,Avg,Avg
Pikachu,2024-09-15,438.0,25.4,15.1,116.6,53.1,470.0,22.7,22.8,65.7,44.7,0.0,0.0,0.0,0.0,0.0,Avg,Avg,Avg,Avg,Avg,Avg
Pikachu,2024-09-16,463.0,39.1,27.4,77.2,24.2,454.0,24.0,19.0,91.2,48.9,0.397747564417433,7.8829311532278075,1.5519616366302147,-0.387588982222096,-4.158461308406604,Avg,High,High,Avg,Low,High
Pikachu,2024-12-18,367.0,26.5,16.1,111.5,38.8,457.0,29.1,21.8,86.5,40.7,-5.349944684499876,-0.2918866193677032,-0.9118067240213786,0.9365398072473818,-0.12556464127321962,Low,Avg,Avg,Avg,Avg,High
Pikachu,2025-05-14,351.0,27.4,9.2,116.3,46.2,434.5,28.4,20.4,92.8,40.2,-1.774722121528685,-0.14053518090549136,-1.9185206293676873,0.9372903881007871,0.4928529729027763,Low,Avg,Low,Avg,Avg,Low
Pikachu,2025-06-10,319.0,18.8,22.5,79.7,29.1,417.8,28.2,18.1,97.5,41.4,-1.7876095335127011,-1.48744464939375,0.6182088660991796,-0.7346668753764304,-1.1306073554815659,Low,Low,Avg,Avg,Low,Low
Pikachu,2025-08-05,512.0,37.1,9.0,65.3,31.4,401.3,26.6,18.8,94.5,39.4,1.7345389577018921,1.5263201935810626,-1.4959484744842024,-1.2804012953366823,-0.7260379940014738,High,High,Low,Low,Avg,High
Pikachu,2025-08-26,255.0,24.7,18.9,106.5,16.0,417.1,28.1,17.4,90.3,38.2,-2.261204438913583,-0.4656641868474946,0.20609271088465866,0.6863096722172481,-2.128282021148457,Low,Avg,Avg,Avg,Low,High
Pikachu,2025-09-27,491.0,9.7,15.2,114.4,45.8,396.9,27.7,17.6,92.4,35.4,1.0731032201947635,-2.5908407882974704,-0.3693216292691526,0.9777497985983593,0.832160124914644,High,Low,Avg,Avg,Avg,Low
Pikachu,2025-12-01,478.0,22.2,5.0,117.5,18.3,407.3,25.7,17.4,94.8,36.6,0.8044729786660902,-0.39668226134001466,-1.9944463844295615,1.0161584711571838,-1.5053036653574257,Avg,Avg,Low,High,Low,Low
Pikachu,2025-12-07,277.0,29.3,6.3,71.3,16.0,414.4,25.4,16.1,97.1,34.8,-1.6017656329658005,0.4680155029311285,-1.3974552173108803,-1.158142659344455,-1.4619690961830063,Low,Avg,Low,Low,Low,Low
Snorlax,2024-02-06,419.0,23.9,22.9,91.2,43.8,,,,,,0.0,0.0,0.0,0.0,0.0,Avg,Avg,Avg,Avg,Avg,Avg
Snorlax,2024-02-27,446.0,17.1,16.5,105.1,31.9,419.0,23.9,22.9,91.2,43.8,0.0,0.0,0.0,0.0,0.0,Avg,Avg,Avg,Avg,Avg,Avg
Snorlax,2024-03-29,371.0,39.0,17.8,115.5,20.8,432.5,20.5,19.7,98.2,37.8,-3.221264225405383,3.847492779985628,-0.4198446513295124,1.7652234033937566,-2.0262471628959053,Low,High,Avg,High,Low,High
Snorlax,2024-10-07,387.0,27.9,16.4,82.4,45.2,412.0,26.7,19.1,103.9,32.2,-0.6581226581158205,0.11002990664054367,-0.7883016905326486,-1.7661945705104076,1.133104879009279,Avg,Avg,Avg,Low,High,Avg
Snorlax,2024-10-25,298.0,9.1,18.5,83.4,34.5,405.8,27.0,18.4,98.6,35.4,-3.222165367183443,-1.948670204487035,0.032604843700633906,-1.0331813792839235,-0.0809198691861838,Low,Low,Avg,Low,Avg,Low
Snorlax,2025-01-21,273.0,39.3,18.9,73.1,15.1,384.2,23.4,18.4,95.5,35.2,-1.9779401626422846,1.4108413061316698,0.18068877712472792,-1.557669512445151,-2.03265388765006,Low,High,Avg,Low,Low,High
Snorlax,2025-02-11,393.0,14.2,8.9,82.7,13.4,365.7,26.0,18.5,91.8,31.9,0.40347022240724034,-0.9883823878859941,-4.02665293381511,-0.5750446454967014,-1.5289499455452982,Avg,Avg,Low,Avg,Low,Low
Snorlax,2025-03-08,197.0,21.9,15.0,93.0,33.6,369.6,24.4,17.1,90.5,29.2,-2.7523368841512403,-0.20778064339185803,-0.5030751104126482,0.16962439194696663,0.33359967655080436,Low,Avg,Avg,Avg,Avg,High
Snorlax,2025-06-07,362.0,13.0,10.1,119.9,18.7,348.0,24.0,16.9,90.8,29.8,0.16623976803452084,-1.006114649130523,-1.6953334396977504,2.1160738515225423,-0.909567485412121,Avg,Low,Low,High,Avg,Low
Snorlax,2025-10-06,325.0,26.5,20.5,87.8,33.7,349.6,22.8,16.1,94.0,28.6,-0.3111658498663419,0.33698287187351816,1.0067844959010253,-0.386898713946536,0.4291841555155392,Avg,Avg,High,Avg,Avg,High
Squirtle,2024-02-05,191.0,22.7,5.0,88.4,49.1,,,,,,0.0,0.0,0.0,0.0,0.0,Avg,Avg,Avg,Avg,Avg,Avg
Squirtle,2024-02-08,310.0,37.1,10.0,115.3,19.8,191.0,22.7,5.0,88.4,49.1,0.0,0.0,0.0,0.0,0.0,Avg,Avg,Avg,Avg,Avg,Avg
Squirtle,2024-03-22,315.0,27.9,22.3,71.7,38.7,250.5,29.9,7.5,101.8,34.4,0.7665275191013835,-0.1964185503295965,4.186072144624362,-1.5850757957453088,0.20513336655582434,Avg,Avg,High,Low,Avg,High
Squirtle,2024-04-06,214.0,22.8,8.2,118.2,43.2,272.0,29.2,12.4,91.8,35.9,-0.8262980206415698,-0.8822448078829607,-0.4754953784065243,1.2001115858102462,0.49369192197841266,Avg,Avg,Avg,High,Avg,Avg
Squirtle,2024-04-18,244.0,13.5,14.5,110.9,15.8,257.5,27.6,11.4,98.4,37.7,-0.21017773155066513,-2.0872548238012034,0.41275035949251165,0.5607881432481785,-1.728432745531076,Avg,Low,Avg,Avg,Low,Low
Squirtle,2024-05-09,317.0,38.6,5.8,96.0,54.8,254.8,24.8,12.0,100.9,33.3,1.1116540589867532,1.60151443479242,-0.9248067631818189,-0.24381881600675226,1.4604238382191523,High,High,Avg,Avg,High,High
Squirtle,2024-07-11,375.0,20.6,4.1,102.0,44.9,265.2,27.1,11.0,100.1,36.9,1.9571429643822147,-0.6808616054562834,-1.0550045202500897,0.10597413996482112,0.506004907638897,High,Avg,Low,Avg,Avg,Low
Squirtle,2024-07-25,258.0,30.9,14.6,83.6,26.1,280.9,26.2,10.0,100.4,38.0,-0.3466463948646897,0.5222288513105762,0.7116770605141326,-1.0139726690579716,-0.8099079545912778,Avg,Avg,Avg,Low,Avg,Avg
Squirtle,2024-11-23,244.0,8.8,18.9,93.0,54.9,278.0,26.8,10.6,98.3,36.6,-0.5521343320923864,-2.101367463507487,1.340335227063751,-0.320741181831366,1.284100706760644,Avg,Low,High,Avg,High,High
Squirtle,2025-03-24,317.0,31.6,7.3,106.3,49.1,274.2,24.8,11.5,97.7,38.6,0.7286728344726342,0.6840691033085492,-0.6496071489467923,0.5581609789742411,0.7150314615689075,Avg,Avg,Avg,Avg,Avg,Avg
Squirtle,2025-05-30,285.0,17.9,14.2,88.4,34.2,278.5,25.4,11.1,98.5,39.6,0.11407898620331998,-0.7813574052529196,0.5030382006094956,-0.6843434132595534,-0.38168740303377957,Avg,Avg,Avg,Avg,Avg,Avg
Squirtle,2025-06-01,487.0,38.4,17.9,74.9,52.5,279.1,24.8,11.4,97.6,39.1,3.8437865105978983,1.4437287613045056,1.0949507245717622,-1.5792530712677506,0.9804932238445117,High,High,High,Low,Avg,High
Squirtle,2025-07-12,325.0,39.8,7.3,77.9,16.2,296.4,25.9,11.9,95.7,40.3,0.36120999368458184,1.4142634711543776,-0.7660672021414067,-1.172452310421186,-1.7759793482465491,Avg,High,Avg,Low,Low,High
Squirtle,2025-08-31,301.0,17.5,18.1,102.6,42.4,298.6,27.0,11.5,94.4,38.4,0.03130364679638663,-0.9311766678728354,1.1129117094536944,0.536419856972489,0.27371610045732714,Avg,Avg,High,Avg,Avg,High
Squirtle,2025-09-07,209.0,36.9,14.8,116.7,27.6,298.8,26.3,12.0,94.9,38.7,-1.2267284100961413,1.0509814708270637,0.4703359112971012,1.4569825627118205,-0.7893062707690307,Low,High,Avg,High,Avg,High
Squirtle,2025-11-03,303.0,36.1,11.8,107.2,25.9,292.8,27.0,12.2,96.4,38.0,0.13739018166607225,0.9006559167210625,-0.0695348037395659,0.6995742707467526,-0.8707628988117856,Avg,Avg,Avg,Avg,Avg,Avg
Squirtle,2025-11-06,165.0,26.7,16.3,113.6,39.7,293.4,27.6,12.2,97.1,37.2,-1.7895946621054664,-0.08667776163576976,0.7421257661215613,1.090001321209802,0.18237263360398667,Low,Avg,Avg,High,Avg,High
Sylveon,2024-06-11,497.0,22.2,8.0,77.7,39.3,,,,,,0.0,0.0,0.0,0.0,0.0,Avg,Avg,Avg,Avg,Avg,Avg
Sylveon,2024-06-12,191.0,27.8,8.4,92.8,12.1,497.0,22.2,8.0,77.7,39.3,0.0,0.0,0.0,0.0,0.0,Avg,Avg,Avg,Avg,Avg,Avg
Sylveon,2024-11-11,237.0,23.1,9.5,116.8,16.2,344.0,25.0,8.2,85.2,25.7,-0.49451258553569005,-0.4798224586622996,4.596194077712547,2.9548634366139845,-0.4939348839170737,Avg,Avg,High,High,Avg,High
Sylveon,2025-02-08,360.0,25.5,23.4,77.6,19.0,308.3,24.4,8.6,95.8,22.5,0.31312939621403285,0.376871583814457,19.010949641233328,-0.9213194883724006,-0.24094705301696667,Avg,Avg,High,Avg,Avg,High
Sylveon,2025-03-02,405.0,38.5,16.0,78.1,18.1,321.2,24.6,12.3,91.2,21.6,0.6105242119553974,5.496204846667874,0.49591649544839894,-0.7100206788510713,-0.2933149816523414,Avg,High,Avg,Avg,Avg,High
Sylveon,2025-03-12,192.0,16.3,16.6,80.4,16.5,338.0,27.4,13.1,88.6,20.9,-1.1720954237571142,-1.6932853963485128,0.5343556021864492,-0.4809115346650603,-0.41882506014832543,Low,Low,Avg,Avg,Avg,Low
Sylveon,2025-04-02,495.0,17.0,13.0,106.4,52.5,313.7,25.6,13.6,87.2,20.2,1.4351154379243531,-1.1539687186310816,-0.10657313075907232,1.2275367125845948,3.345901920525099,High,Low,Avg,High,High,Low
Sylveon,2025-07-01,470.0,9.0,9.2,108.4,35.6,339.6,24.3,13.6,90.0,24.8,0.9721044545538288,-2.0428196399175738,-0.7818157276558687,1.1525910513293285,0.7163442565425235,Avg,Low,Avg,High,Avg,Low
Sylveon,2025-07-24,227.0,39.6,15.5,71.9,20.8,355.9,22.4,13.0,92.3,26.2,-0.9726291432772182,1.947478838651388,0.46195271178896263,-1.259797338053068,-0.3710588758780667,Avg,High,Avg,Low,Avg,High
Sylveon,2025-10-02,246.0,34.2,4.5,111.8,23.3,341.6,24.3,13.3,90.0,25.6,-0.7284448917741368,0.9825973142699024,-1.7217034182759157,1.313910810490056,-0.16622464173183837,Avg,Avg,Low,High,Avg,Low
Sylveon,2025-11-03,315.0,26.0,17.1,79.4,24.9,332.0,25.3,12.4,92.2,25.3,-0.13352890139252613,0.06821803979624382,0.8438792180903353,-0.7485765572491871,-0.03417139760464224,Avg,Avg,Avg,Avg,Avg,Avg
Sylveon,2025-11-22,373.0,12.9,14.8,95.8,48.1,330.5,25.4,12.8,91.0,25.3,0.35193911351155693,-1.319607788431571,0.3597191290443278,0.2864541910342289,1.8663712977348146,Avg,Low,Avg,Avg,High,Low
Sylveon,2025-12-12,476.0,16.9,12.2,109.8,10.1,334.0,24.3,13.0,91.4,27.2,1.2250321030838036,-0.7662575560926558,-0.15280172861406047,1.1523516467268016,-1.2781529574864268,High,Avg,Avg,High,Low,Low
Sylveon,2025-12-15,214.0,16.0,13.1,114.9,21.1,344.9,23.8,12.9,92.8,25.9,-1.1117657787565232,-0.8157046632415907,0.03219463176615648,1.3707114426479279,-0.3502920691679864,Low,Avg,Avg,High,Avg,High
Umbreon,2024-01-15,160.0,13.7,11.7,101.1,40.6,,,,,,0.0,0.0,0.0,0.0,0.0,Avg,Avg,Avg,Avg,Avg,Avg
Umbreon,2024-03-23,330.0,15.6,14.7,96.3,30.2,160.0,13.7,11.7,101.1,40.6,0.0,0.0,0.0,0.0,0.0,Avg,Avg,Avg,Avg,Avg,Avg
Umbreon,2024-04-07,201.0,26.0,5.9,101.6,42.0,245.0,14.6,13.2,98.7,35.4,-0.3660317455553893,8.448065227860326,-3.4412530017745313,0.8544206939337484,0.8974816838136951,Avg,High,Low,Avg,Avg,Low
Umbreon,2024-04-23,505.0,21.0,13.3,113.5,39.3,230.3,18.4,10.8,99.7,37.6,3.0960601799810314,0.3876302736146,0.5662818251411859,4.727215676803306,0.2637006206370208,High,Avg,Avg,High,Avg,Low
Umbreon,2024-04-29,270.0,35.3,21.7,92.1,33.9,299.0,19.1,11.4,103.1,38.0,-0.18677700684564993,2.9199496413590174,2.66418911818375,-1.5066148362069447,-0.7736452939759304,Avg,High,High,Low,Avg,High
Umbreon,2024-07-04,357.0,18.9,13.8,91.4,47.5,293.2,22.3,13.5,100.9,37.2,0.4722856095369358,-0.3927999745629082,0.05970611799030187,-1.1856359986021348,2.0714243376607273,Avg,Avg,Avg,Low,High,Avg
Umbreon,2024-09-26,189.0,19.2,19.2,70.3,37.3,303.8,21.8,13.5,99.3,38.9,-0.9290599106372376,-0.3223074606787781,1.1154159330817615,-3.555415985617895,-0.26413559832409433,Avg,Avg,High,Low,Avg,High
Umbreon,2025-02-21,220.0,36.3,10.7,96.8,15.3,287.4,21.4,14.3,95.2,38.7,-0.5577572912597827,2.0468699630415546,-0.7082374723302028,0.1216854795763969,-4.160696205210509,Avg,High,Avg,Avg,Low,High
Umbreon,2025-04-25,334.0,20.6,16.3,101.2,22.7,279.0,23.2,13.9,95.4,35.8,0.48062109821445836,-0.30949955771642873,0.4935124782239723,0.47274431156945745,-1.3370926281993214,Avg,Avg,Avg,Avg,Low,Avg
Umbreon,2025-05-27,416.0,14.7,8.9,119.4,29.0,285.1,23.0,14.1,96.0,34.3,1.205205120038228,-1.024544992078759,-1.1237450249894436,2.0034541793884744,-0.5246745060456025,High,Low,Low,High,Avg,Low
Umbreon,2025-09-21,495.0,26.0,18.2,90.7,16.8,298.2,22.1,13.6,98.4,33.8,1.7819414866161387,0.4817630609733793,0.9740125648016484,-0.5789451498459655,-1.7522482697887534,High,Avg,Avg,Avg,Low,Low
Umbreon,2025-09-24,494.0,17.5,14.0,89.8,44.5,316.1,22.5,14.0,97.7,32.2,1.477531471707078,-0.6461853504747296,-0.007787066269567918,-0.616049935433184,1.1654598359403046,High,Avg,Avg,Avg,High,Low
