Name,Date,Concentric Duration [ms] (R),Countermovement Depth [cm] (R),Concentric Mean Force / BM [N/kg] (R),BW [KG],Jump Height (Imp-Mom) [cm] (R),Concentric Duration [ms] (R)_avg_prev,Countermovement Depth [cm] (R)_avg_prev,Concentric Mean Force / BM [N/kg] (R)_avg_prev,BW [KG]_avg_prev,Jump Height (Imp-Mom) [cm] (R)_avg_prev,Concentric Duration [ms] (R)_z,Countermovement Depth [cm] (R)_z,Concentric Mean Force / BM [N/kg] (R)_z,BW [KG]_z,Jump Height (Imp-Mom) [cm] (R)_z,Concentric Duration [ms] (R)_class,Countermovement Depth [cm] (R)_class,Concentric Mean Force / BM [N/kg] (R)_class,BW [KG]_class,Jump Height (Imp-Mom) [cm] (R)_class,Generation_Class_R
Alakazam,2024-01-15,399.0,19.0,22.89,104.5,12.6,,,,,,0.0,0.0,0.0,0.0,0.0,Avg,Avg,Avg,Avg,Avg,Avg
Alakazam,2024-04-23,258.0,23.6,25.75,81.1,41.0,399.0,19.0,22.9,104.5,12.6,0.0,0.0,0.0,0.0,0.0,Avg,Avg,Avg,Avg,Avg,Avg
Alakazam,2024-06-08,285.0,11.5,27.66,111.8,18.1,328.5,21.3,24.3,92.8,26.8,-0.43629992881723145,-3.012889763316593,1.6515640903238245,1.1482930634653334,-0.43322739410725086,Avg,Low,High,High,Avg,High
Alakazam,2024-08-17,344.0,17.1,24.62,105.3,20.4,314.0,18.0,25.4,99.1,23.9,0.4008560737454238,-0.1528139339602732,-0.3387879341469255,0.3844990691412385,-0.23236970617008676,Avg,Avg,Avg,Avg,Avg,Avg
Alakazam,2024-08-20,305.0,12.0,22.11,99.9,34.4,321.5,17.8,25.2,100.7,23.0,-0.26223532465390215,-1.1579945460099939,-1.5585071456357171,-0.05760702032695025,0.9157049089558218,Avg,Low,Low,Avg,Avg,Low
Alakazam,2024-10-01,518.0,34.5,13.62,108.6,28.1,318.2,16.6,24.6,100.5,25.3,3.633508110436797,3.5338287758262763,-4.936528545608661,0.6932060733792486,0.23529411764705888,High,High,Low,Avg,Avg,Low
Alakazam,2025-04-22,325.0,35.5,18.67,79.0,32.5,351.5,19.6,22.8,101.9,25.8,-0.27821924803939835,1.8514399362659668,-0.8365804979440737,-2.091175757801334,0.6289960409383595,Avg,High,Avg,Low,Avg,High
Alakazam,2025-05-17,520.0,26.1,27.67,65.8,48.4,347.7,21.9,22.2,98.6,26.7,1.9684241499180304,0.4270789881344779,1.1563102317091083,-2.4841357382300173,2.146081747568259,High,Avg,High,Low,High,High
Alakazam,2025-06-01,418.0,26.5,29.45,105.7,48.0,369.2,22.4,22.9,94.5,29.4,0.48089693239044756,0.4415855654984387,1.3707262766693191,0.6646980427037814,1.5356584667729225,Avg,Avg,High,Avg,High,High
Alakazam,2025-06-05,443.0,16.9,29.4,114.7,30.5,374.7,22.9,23.6,95.7,31.5,0.710265848895179,-0.6807277038407975,1.160378872915887,1.170268208658127,-0.07758409521490964,Avg,Avg,High,High,Avg,High
Alakazam,2025-07-14,389.0,25.0,18.48,81.2,43.4,381.5,22.3,24.2,97.6,31.4,0.0804338686310502,0.32206650987266505,-1.1288403513965448,-1.002098789827249,0.9871501392673572,Avg,Avg,Low,Low,Avg,Low
Alakazam,2025-07-24,517.0,40.0,20.28,96.2,35.7,382.2,22.5,23.7,96.1,32.5,1.523572225045308,2.1626435757061437,-0.6647472554351825,0.0033393865103245705,0.2655072411505125,High,High,Avg,Avg,Avg,Low
Alakazam,2025-08-07,380.0,13.7,29.0,85.3,23.0,393.4,24.0,23.4,96.1,32.8,-0.14439892167820892,-1.1153259886742903,1.1339454518603558,-0.6966810248539087,-0.8440489990331351,Avg,Low,High,Avg,Avg,High
Alakazam,2025-08-15,205.0,21.4,28.56,96.8,50.7,392.4,23.2,23.8,95.3,32.0,-2.104591991005071,-0.19252988279141378,0.9505131530882847,0.09759857311903011,1.6403656180685504,Low,Avg,Avg,Avg,High,High
Alakazam,2025-09-30,188.0,10.1,28.51,98.8,47.3,379.0,23.1,24.2,95.4,33.3,-1.9268672141251058,-1.452853600009885,0.8780587437351879,0.23109134037488252,1.159799484080214,Low,Low,Avg,Avg,High,High
Bulbasaur,2024-01-20,178.0,17.5,29.54,70.9,41.3,,,,,,0.0,0.0,0.0,0.0,0.0,Avg,Avg,Avg,Avg,Avg,Avg
Bulbasaur,2024-03-19,495.0,22.8,26.96,109.9,53.9,178.0,17.5,29.5,70.9,41.3,0.0,0.0,0.0,0.0,0.0,Avg,Avg,Avg,Avg,Avg,Avg
Bulbasaur,2024-04-20,210.0,24.4,21.98,85.9,21.3,336.5,20.2,28.2,90.4,47.6,-0.5643470524927335,1.1340391773746512,-3.4368678434415934,-0.16317848796612636,-2.9518902135247918,Avg,High,Low,Avg,Low,Low
Bulbasaur,2024-06-08,256.0,24.0,15.45,109.4,19.1,294.3,21.6,26.2,88.9,38.8,-0.2196533226440633,0.6737632342428317,-2.786908739695865,1.0420735639394645,-1.2003694181432172,Avg,Avg,Low,High,Low,Low
Bulbasaur,2024-06-11,510.0,22.0,19.79,112.3,19.8,284.8,22.2,23.5,94.0,33.9,1.5666714470366339,-0.054859652977891346,-0.5949331988763487,0.959106178549484,-0.8463928174220786,High,Avg,Avg,Avg,Avg,Low
Bulbasaur,2024-09-17,402.0,25.1,22.91,67.7,47.1,329.8,22.1,22.7,97.7,31.1,0.45079942574884563,1.0710306122614577,0.029521607215885495,-1.628069185931384,1.017472069923554,Avg,High,Avg,Low,High,High
Bulbasaur,2025-02-20,386.0,13.5,22.23,76.5,35.3,341.8,22.6,22.8,92.7,33.8,0.30198933101742065,-3.319420300749525,-0.10769104800587748,-0.7886584092836493,0.09982460405684168,Avg,Low,Avg,Avg,Avg,Low
Bulbasaur,2025-03-04,481.0,19.2,12.16,72.8,12.6,348.1,21.3,22.7,90.4,34.0,0.9874245505065975,-0.498592738895965,-2.2919858021276704,-0.891699075869696,-1.5064663782568422,Avg,Avg,Low,Avg,Low,Low
Bulbasaur,2025-04-16,189.0,14.5,18.71,85.5,19.6,364.8,21.1,21.4,88.2,31.3,-1.3201364992209241,-1.6310506542814496,-0.47171322403448557,-0.1387985341649815,-0.7721516824655983,Low,Low,Avg,Avg,Avg,High
Bulbasaur,2025-08-01,260.0,12.1,24.94,71.7,31.2,345.2,20.3,21.1,87.9,30.0,-0.619242332575058,-1.8913464620371825,0.7194180255410575,-0.8962834188677676,0.08162934776096756,Avg,Low,Avg,Avg,Avg,Low
Bulbasaur,2025-08-06,371.0,13.1,26.73,70.6,48.8,336.7,19.5,21.5,86.3,30.1,0.25882546102012516,-1.3188289194507157,1.01167148310116,-0.8812655284688155,1.347272654494148,Avg,Low,High,Avg,High,High
Bulbasaur,2025-08-24,312.0,28.9,27.66,78.3,18.1,339.8,18.9,21.9,84.8,31.8,-0.22052403756218592,1.9946977827379802,1.10230982813903,-0.37336233005382585,-0.9587330790280062,Avg,High,High,Avg,Avg,High
Bulbasaur,2025-10-23,273.0,29.3,29.78,115.9,44.7,337.5,19.8,22.4,84.3,30.7,-0.5350783724426433,1.7134094448651545,1.4121015154475736,1.8816335261122652,0.9872660862388996,Avg,High,High,High,Avg,High
Bulbasaur,2025-10-31,465.0,16.6,29.16,91.9,22.6,332.5,20.5,23.0,86.7,31.8,1.1341912265249192,-0.6539083361562167,1.1450679374978525,0.282625446035996,-0.6470789156903605,High,Avg,High,Avg,Avg,High
Charizard,2024-01-04,291.0,37.2,19.9,74.4,17.4,,,,,,0.0,0.0,0.0,0.0,0.0,Avg,Avg,Avg,Avg,Avg,Avg
Charizard,2024-03-15,389.0,31.5,22.74,80.6,33.1,291.0,37.2,19.9,74.4,17.4,0.0,0.0,0.0,0.0,0.0,Avg,Avg,Avg,Avg,Avg,Avg
Charizard,2024-06-22,411.0,16.0,30.87,68.2,34.5,340.0,34.4,21.3,77.5,25.2,1.0245832951886709,-4.552775240271278,4.755542084740517,-2.121320343559646,0.8332149969395621,High,Low,High,Low,Avg,Low
Charizard,2024-08-10,197.0,16.4,17.04,107.3,32.0,363.7,28.2,24.5,74.4,28.3,-2.608841633030085,-1.0785989546820534,-1.310825451921327,5.306451612903229,0.38619320103662363,Low,Low,Low,High,Avg,Avg
Charizard,2024-08-27,293.0,13.5,28.61,97.4,45.8,322.0,25.3,22.6,82.6,29.2,-0.29497796808473803,-1.0968368147539325,1.0018826287541174,0.8584471855821576,2.0775877241873726,Avg,Low,High,Avg,High,High
Charizard,2024-10-06,188.0,29.7,14.14,78.4,32.7,316.2,22.9,23.8,85.6,32.6,-1.4885657779501964,0.6345405771987289,-1.66740103893561,-0.4403731329146727,0.013836789069558188,Low,Avg,Low,Avg,Avg,Low
Charizard,2024-10-19,189.0,20.1,15.76,88.5,45.8,294.8,24.0,22.2,84.4,32.6,-1.1364193928324116,-0.39699996240554924,-0.988256250921319,0.276755677405993,1.4604125861863237,Low,Avg,Avg,Avg,High,High
Charizard,2024-10-27,332.0,9.0,24.74,69.4,17.6,279.7,23.5,21.3,85.0,34.5,0.5564964845612311,-1.5737463521885218,0.5347077141642959,-1.1392977881608681,-1.747553934059194,Avg,Low,Avg,Low,Low,Low
Charizard,2024-12-28,208.0,30.0,27.03,78.0,17.5,286.2,21.7,21.7,83.0,32.4,-0.8799239363529548,0.837325536251916,0.8712154427295987,-0.3641447759903414,-1.3831043080236471,Avg,Avg,Avg,Avg,Low,Avg
Charizard,2025-02-14,483.0,19.6,28.38,113.5,18.9,277.6,22.6,22.3,82.5,30.7,2.3566050929351854,-0.3091059247939363,1.0170108423145636,2.3841659156266615,-1.0539708374372714,High,Avg,High,High,Low,High
Charizard,2025-03-11,470.0,34.2,13.05,94.7,34.5,298.1,22.3,22.9,85.6,29.5,1.640769040619278,1.2935631698714667,-1.6614614880315905,0.5810350312258926,0.443506306620117,High,High,Low,Avg,Avg,Low
Charizard,2025-05-25,246.0,14.5,12.78,83.0,31.6,313.7,23.4,22.0,86.4,30.0,-0.6042018168997775,-0.9412612711805346,-1.4502526826101476,-0.22428885024937165,0.15072225774194792,Avg,Avg,Low,Avg,Avg,Low
Charizard,2025-06-16,343.0,29.9,12.54,72.0,15.6,308.1,22.6,21.3,86.1,30.1,0.3213659950833622,0.7758641730760168,-1.312799330443254,-0.9744470223175595,-1.4166468545244515,Avg,Avg,Low,Avg,Low,Low
Charizard,2025-09-17,410.0,22.2,31.44,117.9,31.9,310.8,23.2,20.6,85.0,29.0,0.9498039641820819,-0.10892862729387383,1.596921391641898,2.2806671642824456,0.2734571631487413,Avg,Avg,High,High,Avg,High
Charizard,2025-09-25,519.0,32.2,25.86,81.6,25.6,317.9,23.1,21.4,87.4,29.2,1.9374052425294443,1.0280150786380584,0.6297970181397814,-0.3523900364728348,-0.3530065877287785,High,High,Avg,Avg,Avg,Low
Charizard,2025-10-13,268.0,13.4,29.66,71.0,51.0,331.3,23.7,21.7,87.0,29.0,-0.5612668451020931,-1.1715906439756485,1.1455331053868039,-1.0076439239352388,2.227706228242036,Avg,Low,High,Low,High,High
Charizard,2025-12-15,283.0,32.7,26.32,81.0,45.0,327.3,23.1,22.2,86.0,30.3,-0.4026884737632783,1.0795894716733279,0.5912368272791028,-0.3151320122930908,1.3288549928618985,Avg,High,Avg,Avg,High,High
Dragonite,2024-01-11,304.0,19.7,26.51,95.4,34.6,,,,,,0.0,0.0,0.0,0.0,0.0,Avg,Avg,Avg,Avg,Avg,Avg
Dragonite,2024-02-22,292.0,39.2,31.25,87.6,33.0,304.0,19.7,26.5,95.4,34.6,0.0,0.0,0.0,0.0,0.0,Avg,Avg,Avg,Avg,Avg,Avg
Dragonite,2024-04-22,333.0,27.3,23.97,79.7,28.2,298.0,29.4,28.9,91.5,33.8,4.124789556921527,-0.15592611072318754,-1.464934301951879,-2.1394512866669864,-4.949747468305838,High,Avg,Low,Low,Low,Low
Dragonite,2024-05-14,470.0,28.3,20.98,79.3,28.7,309.7,28.7,27.2,87.6,31.9,7.6062286107123835,-0.04408857291012747,-1.6950891365380565,-1.0530714358400228,-0.9707769324433416,High,Avg,Low,Low,Avg,Low
Dragonite,2024-06-17,286.0,21.3,21.84,70.4,28.1,349.8,28.6,25.7,85.5,31.1,-0.7775016602762075,-0.9124287810025871,-0.882491961495122,-1.9798845151699478,-0.9561508567746159,Avg,Avg,Avg,Low,Avg,Avg
Dragonite,2024-06-28,431.0,8.6,21.36,104.4,27.6,337.0,27.2,24.9,82.5,30.5,1.2284695719981684,-2.4149149426567416,-0.8577970227504638,2.320557874448921,-0.9556066692127969,High,Low,Avg,High,Avg,Low
Dragonite,2024-10-01,558.0,29.6,15.8,111.3,12.7,352.7,24.1,24.3,86.1,30.0,2.6168970467715984,0.540857226334392,-2.142869011596484,2.0449038731946265,-5.813195451017427,High,Avg,Low,High,Low,Low
Dragonite,2024-11-04,223.0,28.6,14.03,116.2,21.6,382.0,24.9,23.1,89.7,27.6,-1.5055261166645753,0.391079044589879,-1.86992016698081,1.7982450686090898,-0.8397047391563732,Low,Avg,Low,High,Avg,Low
Dragonite,2024-12-03,424.0,10.2,16.24,108.0,13.3,362.1,25.3,22.0,93.0,26.8,0.5486111689248195,-1.688262632768803,-1.0377882617881844,0.9050180683858928,-1.9590425249360357,Avg,Low,Low,Avg,Low,Low
Dragonite,2025-01-11,191.0,36.7,29.33,74.5,24.0,369.0,23.6,21.3,94.7,25.3,-1.6558497753961394,1.334928223002282,1.4532302512884312,-1.2431240008535922,-0.16662404082438992,Low,High,High,Low,Avg,High
Dragonite,2025-03-31,512.0,31.5,17.14,103.7,22.2,351.2,25.0,22.1,92.7,25.2,1.387022600878567,0.6483400945983917,-0.8645315588655742,0.6639175320045485,-0.4010638410205781,High,Avg,Avg,Avg,Avg,Low
Dragonite,2025-09-11,497.0,32.3,26.87,106.4,19.3,365.8,25.5,21.7,93.7,24.9,1.0914110896392657,0.6902508434293463,0.914245961487425,0.79027297205984,-0.7893483064972204,High,Avg,Avg,Avg,Avg,Low
Dragonite,2025-11-10,431.0,27.7,12.83,77.4,40.3,376.8,26.1,22.1,94.7,24.4,0.44947709768226907,0.1669847456993244,-1.6515084422757709,-1.0991341325105577,2.276507089281083,Avg,Avg,Low,Low,High,Low
Dragonite,2025-12-11,197.0,13.3,25.24,99.3,33.7,380.9,26.2,21.4,93.4,25.7,-1.578293521540838,-1.4152586202942623,0.6445230568843257,0.3716817413616348,1.0061640659507407,Low,Low,Avg,Avg,High,High
Eevee,2024-01-21,481.0,13.9,30.0,83.0,53.4,,,,,,0.0,0.0,0.0,0.0,0.0,Avg,Avg,Avg,Avg,Avg,Avg
Eevee,2024-01-21,465.0,28.8,24.51,113.0,21.9,481.0,13.9,30.0,83.0,53.4,0.0,0.0,0.0,0.0,0.0,Avg,Avg,Avg,Avg,Avg,Avg
Eevee,2024-02-01,527.0,10.4,13.2,100.8,15.9,473.0,21.4,27.3,98.0,37.6,4.772970773009195,-1.0393045978513686,-3.6205412785343998,0.13199326582148874,-0.9764807930671371,High,Low,Low,Avg,Avg,Low
Eevee,2024-02-14,397.0,17.9,12.72,66.6,34.1,491.0,17.7,22.6,98.9,30.4,-2.92043790020564,0.020468995681894312,-1.1498452276612041,-2.14314536873828,0.18368447859615436,Low,Avg,Low,Low,Avg,Low
Eevee,2024-03-26,500.0,34.7,31.86,84.6,30.1,467.5,17.8,20.1,90.8,31.3,0.6035445365398306,2.1244560737909968,1.3738575294055588,-0.3075039279572614,-0.07401542468310406,Avg,High,High,Avg,Avg,High
Eevee,2024-05-26,430.0,8.3,26.92,86.4,13.4,474.0,21.1,22.5,89.6,31.1,-0.9007773489355771,-1.2518461600368471,0.4912282398117595,-0.1795487494569581,-1.232596079515013,Avg,Low,Avg,Avg,Low,Low
Eevee,2024-07-09,238.0,23.4,12.44,65.4,49.9,466.7,19.0,23.2,89.1,28.1,-4.840694324410878,0.4164307226387536,-1.2925204598004494,-1.4796908166655731,1.4786719131854045,Low,Avg,Low,Low,High,Low
Eevee,2024-07-29,502.0,33.1,30.33,103.4,35.4,434.0,19.6,21.7,85.7,31.2,0.704017747642262,1.3763632146217906,1.005232516573828,1.0345299611886603,0.2638408211520884,Avg,High,High,High,Avg,High
Eevee,2024-09-14,167.0,20.1,24.4,92.0,23.1,442.5,21.3,22.7,87.9,31.8,-2.975194701647609,-0.1184416464885075,0.19329762359217148,0.24053762914466595,-0.5908406589223142,Low,Avg,Avg,Avg,Avg,High
Eevee,2024-09-16,505.0,24.0,14.22,86.1,21.0,411.9,21.2,22.9,88.4,30.8,0.7375820424752653,0.29445802187082937,-1.086742686718883,-0.14094806002079782,-0.6992467532766609,Avg,Avg,Low,Avg,Avg,Low
Eevee,2024-09-17,536.0,21.0,29.16,104.2,34.5,421.2,21.5,22.1,88.1,29.8,0.9363273868044562,-0.050659209060166126,0.8826712354358738,1.063929711542178,0.3448251584092671,Avg,Avg,Avg,High,Avg,Avg
Eevee,2024-09-21,301.0,22.1,20.33,66.2,15.2,431.6,21.4,22.7,89.6,30.2,-1.07647311155609,0.07913919228085324,-0.2997203235385918,-1.5463736186892088,-1.161567977562382,Low,Avg,Avg,Low,Low,High
Eevee,2025-06-20,433.0,11.8,13.21,79.7,53.8,420.8,21.5,22.5,87.6,29.0,0.10065844773320856,-1.1774588029937632,-1.2253247161208092,-0.49869828335807725,1.8950115272025407,Avg,Low,Low,Avg,High,Low
Eevee,2025-07-30,507.0,13.6,25.45,83.6,44.8,421.7,20.7,21.8,87.0,30.9,0.7318331262102127,-0.857880449730349,0.4744806925070453,-0.2227033756978127,0.9721349417559055,Avg,Avg,Avg,Avg,Avg,Avg
Eevee,2025-09-30,268.0,9.1,22.61,75.8,43.9,427.8,20.2,22.1,86.8,31.9,-1.398057325245184,-1.354580945438131,0.07448203239911433,-0.7408202818325264,0.8437360435193244,Low,Low,Avg,Avg,Avg,High
Eevee,2025-11-11,526.0,21.6,12.32,71.8,47.7,417.1,19.5,22.1,86.1,32.7,0.925676978052088,0.25188371377656615,-1.356975997923915,-0.9783664614706581,1.0673808329250172,Avg,Avg,Low,Avg,High,Low
Eevee,2025-11-24,546.0,38.8,17.36,69.9,51.8,423.9,19.6,21.5,85.2,33.6,1.0447510579705312,2.3547435672603685,-0.5588272463182311,-1.051239167156543,1.2893673270437531,High,High,Avg,Low,High,Low
Garchomp,2024-01-08,250.0,17.2,25.04,70.8,37.0,,,,,,0.0,0.0,0.0,0.0,0.0,Avg,Avg,Avg,Avg,Avg,Avg
Garchomp,2024-01-15,448.0,15.8,20.2,96.9,46.4,250.0,17.2,25.0,70.8,37.0,0.0,0.0,0.0,0.0,0.0,Avg,Avg,Avg,Avg,Avg,Avg
Garchomp,2024-04-09,526.0,16.0,30.99,71.4,22.3,349.0,16.5,22.6,83.8,41.7,1.264221214848676,-0.505076272276106,2.4456544456741347,-0.6745961245802685,-2.918696075535964,High,Avg,High,Avg,Low,High
Garchomp,2024-04-17,244.0,31.2,14.25,94.7,52.8,408.0,16.3,25.4,79.7,35.2,-1.152645299956734,19.634055211061437,-2.0649430594193054,1.006802112289156,1.4462040221024306,Low,High,Low,High,High,High
Garchomp,2024-07-23,435.0,20.9,20.98,67.4,45.7,367.0,20.0,22.6,83.4,39.6,0.4782096515347315,0.11395630908836776,-0.23053164120707517,-1.123091830291055,0.45856022329059476,Avg,Avg,Avg,Low,Avg,Avg
Garchomp,2024-12-21,236.0,32.6,29.75,102.0,35.4,380.6,20.2,22.3,80.2,40.8,-1.1399688127672465,1.9131930389082183,1.2020503040923678,1.5209235881902383,-0.4613932023092387,Low,High,High,High,Avg,High
Garchomp,2025-02-16,494.0,20.3,24.35,79.8,17.0,356.5,22.3,23.5,83.9,39.9,1.0751148337281233,-0.2581168798985135,0.1287567145504283,-0.2610537488986372,-2.127998349852433,High,Avg,Avg,Avg,Low,Low
Garchomp,2025-04-06,307.0,22.4,19.55,118.6,46.6,376.1,22.0,23.7,83.3,36.7,-0.541046510756937,0.05670289853133987,-0.7087968805442799,2.4689383573054466,0.7583131720234211,Avg,Avg,Avg,High,Avg,Avg
Garchomp,2025-06-09,294.0,20.7,16.43,114.1,43.9,367.5,22.0,23.1,87.7,37.9,-0.6083736726909363,-0.20665724633113575,-1.2087821369809466,1.4505306831304945,0.47476148990755696,Avg,Avg,Low,High,Avg,Low
Garchomp,2025-06-22,436.0,31.3,25.11,120.0,13.9,359.3,21.9,22.4,90.6,38.6,0.6629983645533081,1.534144469787183,0.48059585921750747,1.532337873277789,-2.057324328997478,Avg,High,Avg,High,Low,High
Garchomp,2025-07-09,203.0,31.1,23.59,112.7,42.6,367.0,22.8,22.7,93.6,36.1,-1.4684015919465767,1.271414714911278,0.17135283233945892,0.9416524956401185,0.47327587796925574,Low,High,Avg,Avg,Avg,High
Garchomp,2025-11-13,218.0,29.2,24.74,65.6,37.1,352.1,23.6,22.7,95.3,36.7,-1.1468098016371207,0.8437928457700193,0.3881831315982231,-1.4767837577476013,0.03104855045898388,Low,Avg,Avg,Low,Avg,High
Garchomp,2025-12-12,217.0,15.5,26.01,78.8,29.7,340.9,24.1,22.9,92.8,36.7,-1.050028417539612,-1.308277842219976,0.6285839964337187,-0.6678970074547202,-0.5591714432072306,Low,Low,Avg,Avg,Avg,High
Gengar,2024-01-03,443.0,8.1,28.57,110.6,31.8,,,,,,0.0,0.0,0.0,0.0,0.0,Avg,Avg,Avg,Avg,Avg,Avg
Gengar,2024-01-06,316.0,21.3,21.24,74.5,23.4,443.0,8.1,28.6,110.6,31.8,0.0,0.0,0.0,0.0,0.0,Avg,Avg,Avg,Avg,Avg,Avg
Gengar,2024-02-05,462.0,19.3,28.73,108.3,53.0,379.5,14.7,24.9,92.6,27.6,0.9186820385494515,0.4928319990088059,0.7379763814566282,0.6170045320602839,4.276312438604357,Avg,Avg,Avg,Avg,High,Avg
Gengar,2024-02-21,512.0,30.5,28.11,102.0,44.9,407.0,16.2,26.2,97.8,36.1,1.3227706778980761,2.0053493617128044,0.4510490896878105,0.20780623586156857,0.5790721104748556,High,High,Avg,Avg,Avg,Low
Gengar,2024-06-28,437.0,31.3,25.55,80.8,21.3,433.2,19.8,26.7,98.8,38.3,0.044959644350930854,1.250098467840556,-0.3069354837829312,-1.085035264919946,-1.2845266012436258,Avg,High,Avg,Low,Low,High
Gengar,2024-07-01,480.0,19.9,23.6,73.6,34.7,434.0,22.1,26.4,95.2,34.9,0.6366515219688449,-0.23200349733527909,-0.893607702520329,-1.3104013625376716,-0.01310670732006808,Avg,Avg,Avg,Low,Avg,Avg
Gengar,2024-08-09,374.0,30.3,19.44,77.3,26.8,441.7,21.7,26.0,91.6,34.8,-1.00547303128583,1.0044244126030473,-2.1259763709724697,-0.8328005234499475,-0.6553362806685962,Low,High,Low,Avg,Avg,High
Gengar,2024-10-23,304.0,35.0,30.04,68.2,23.9,432.0,23.0,25.0,89.6,33.7,-1.923489489921811,1.4281900674656285,1.3407465486938617,-1.2868070178001347,-0.8434497065073934,Low,High,High,Low,Avg,High
Gengar,2024-11-02,501.0,19.5,29.63,91.7,23.7,416.0,24.5,25.7,86.9,32.5,1.111922296066636,-0.5580631823930047,1.0223250752562463,0.2792555013666661,-0.7764596371233902,High,Avg,High,Avg,Avg,High
Gengar,2024-11-04,305.0,20.6,25.3,76.6,16.2,425.4,23.9,26.1,87.4,31.5,-1.565927570264049,-0.3904185685932332,-0.2072175204806518,-0.6729092047833959,-1.3948919483251332,Low,Avg,Avg,Avg,Low,High
Gengar,2024-11-18,261.0,15.0,14.9,90.8,51.1,413.4,23.6,26.0,86.4,30.0,-1.860560703351274,-1.063967065269458,-3.0437388161903205,0.2850488368133975,1.8507252202642324,Low,Low,Low,Avg,High,Avg
Gengar,2025-01-08,310.0,25.6,14.95,94.2,27.8,399.5,22.8,25.0,86.8,31.9,-0.9919005521811615,0.34671101077458405,-2.08598347657635,0.501188082531124,-0.3255532330354183,Avg,Avg,Low,Avg,Avg,Low
Gengar,2025-06-30,272.0,15.8,29.01,81.8,43.8,392.1,23.0,24.2,87.4,31.6,-1.3361432097196801,-0.934253516410226,0.8896436378589523,-0.39019953144091435,1.0175017161085684,Low,Avg,Avg,Avg,High,High
Gengar,2025-12-03,179.0,14.2,16.06,116.9,12.9,382.8,22.5,24.5,87.0,32.5,-2.2092932035857586,-1.0778048583418438,-1.577770696659699,2.1720592509785104,-1.6303780064237572,Low,Low,Low,High,Low,Avg
Greninja,2024-03-15,300.0,21.1,20.85,90.0,15.4,,,,,,0.0,0.0,0.0,0.0,0.0,Avg,Avg,Avg,Avg,Avg,Avg
Greninja,2024-03-29,422.0,35.3,17.94,76.6,41.3,300.0,21.1,20.8,90.0,15.4,0.0,0.0,0.0,0.0,0.0,Avg,Avg,Avg,Avg,Avg,Avg
Greninja,2024-04-04,303.0,23.8,31.51,102.7,24.3,361.0,28.2,19.4,83.3,28.4,-0.6723310378495042,-0.43820701932687456,5.887696669467366,2.0474435156744804,-0.22114150299656496,Avg,Avg,High,High,Avg,High
Greninja,2024-05-25,395.0,38.9,16.32,86.9,44.1,341.7,26.7,23.4,89.8,27.0,0.766428043310402,1.6134497812366766,-0.9956615350574058,-0.219641613711818,1.2994506237419488,Avg,High,Avg,Avg,High,High
Greninja,2024-09-15,217.0,11.4,19.84,69.0,15.7,355.0,29.8,21.7,89.0,31.3,-2.198708832021221,-2.1229537866189916,-0.2656579613504939,-1.864679322312891,-1.134268174359664,Low,Low,Avg,Low,Low,High
Greninja,2024-09-22,490.0,13.1,23.26,68.6,37.7,327.4,26.1,21.3,85.0,28.2,1.977157266964066,-1.1687783884168323,0.32952774455872375,-1.2717352093241046,0.6922355154464829,High,Low,Avg,Low,Avg,Low
Greninja,2024-12-23,438.0,34.0,21.71,69.1,48.3,354.5,23.9,21.6,82.3,29.8,0.8427424453690188,0.8927849527905152,0.016661216666161018,-0.9873426873742177,1.434965285907255,Avg,Avg,Avg,Avg,High,Avg
Greninja,2025-07-02,413.0,38.8,31.08,110.9,49.4,366.4,25.4,21.6,80.4,32.4,0.4861500345715876,1.2236865825320595,1.9157770883109282,2.3121920185320417,1.2384807574064949,Avg,High,High,High,High,High
Greninja,2025-07-13,445.0,31.4,23.35,88.0,48.5,372.2,27.0,22.8,84.2,34.5,0.8064899010842713,0.3878939976507164,0.09479760583361456,0.23181925050282087,0.9941018341563364,Avg,Avg,Avg,Avg,Avg,Avg
Greninja,2025-07-24,452.0,30.0,27.49,87.9,23.5,380.3,27.5,22.9,84.6,36.1,0.816293526127714,0.23292736158620134,0.8719807530341782,0.21299863201932062,-0.9015877739610523,Avg,Avg,Avg,Avg,Avg,Avg
Greninja,2025-10-09,254.0,8.8,13.18,101.9,14.3,387.5,27.8,23.3,85.0,34.8,-1.5555714945809394,-1.8952265752493505,-1.952593184357739,1.1718699918801807,-1.4933321892019924,Low,Low,Low,High,Low,Avg
Greninja,2025-10-17,201.0,25.3,22.67,90.3,20.1,375.4,26.1,22.4,86.5,33.0,-1.9198137368723034,-0.06803155278469125,0.044462473149908005,0.25920122794568423,-0.8908426519311787,Low,Avg,Avg,Avg,Avg,High
Greninja,2025-12-09,525.0,35.0,17.0,78.8,49.6,360.8,26.0,22.4,86.8,31.9,1.6390042056642569,0.8516745299790771,-0.9812762917020823,-0.5737224387237057,1.2432945672563203,High,Avg,Avg,Avg,High,Low
Jigglypuff,2024-01-24,489.0,22.2,23.46,67.3,30.7,,,,,,0.0,0.0,0.0,0.0,0.0,Avg,Avg,Avg,Avg,Avg,Avg
Jigglypuff,2024-04-17,384.0,23.1,15.18,98.9,37.9,489.0,22.2,23.5,67.3,30.7,0.0,0.0,0.0,0.0,0.0,Avg,Avg,Avg,Avg,Avg,Avg
Jigglypuff,2024-06-06,195.0,11.8,25.33,81.1,15.7,436.5,22.6,19.3,83.1,34.3,-3.2526911934581184,-17.0491301686089,1.0265004238964126,-0.08950718749196801,-3.6533850361304947,Low,Low,High,Avg,Low,High
Jigglypuff,2024-07-10,296.0,29.2,18.06,99.8,48.0,356.0,19.0,21.3,82.4,28.1,-0.4027208449156625,1.6187947220107668,-0.6041176466506474,1.0962325143961769,1.757007441109315,Avg,High,Avg,High,High,High
Jigglypuff,2024-07-25,249.0,14.0,26.61,65.2,23.7,341.0,21.6,20.5,86.8,33.1,-0.734286705053618,-1.049094179096716,1.2976576854094408,-1.3848468591588734,-0.6901549566314127,Avg,Low,High,Low,Avg,High
Jigglypuff,2024-08-26,258.0,36.4,31.58,114.0,28.9,322.6,20.1,21.7,82.5,31.2,-0.5566835336072123,2.2975830897041933,2.009580099691441,1.901473806239815,-0.18416508590862435,Avg,High,High,High,Avg,High
Jigglypuff,2024-10-23,529.0,12.3,30.87,81.6,41.7,311.8,22.8,23.4,87.7,30.8,2.0278629176072127,-1.1373336362382884,1.2604646820460699,-0.31136979930593484,0.970884204140202,High,Low,High,Avg,Avg,Low
Jigglypuff,2025-04-16,259.0,19.7,12.17,97.3,11.8,342.9,21.3,24.4,86.8,32.4,-0.6569311556573436,-0.17049564838104905,-2.002857393680989,0.578343648061628,-1.865236464755327,Avg,Avg,Low,Avg,Low,Low
Jigglypuff,2025-05-11,365.0,26.5,14.29,78.2,28.9,332.4,21.1,22.9,88.2,29.8,0.26776279489396826,0.6272505927179253,-1.2066873908275215,-0.5804001416201058,-0.07179189997555319,Avg,Avg,Low,Avg,Avg,Low
Jigglypuff,2025-10-12,273.0,17.2,27.18,85.0,37.3,336.0,21.7,22.0,87.0,29.7,-0.5502603139758173,-0.5427394684026027,0.719233873839505,-0.12484757598195836,0.647888736906523,Avg,Avg,Avg,Avg,Avg,Avg
Lucario,2024-02-20,552.0,23.7,30.18,96.4,42.2,,,,,,0.0,0.0,0.0,0.0,0.0,Avg,Avg,Avg,Avg,Avg,Avg
Lucario,2024-02-27,343.0,26.9,16.49,70.8,41.1,552.0,23.7,30.2,96.4,42.2,0.0,0.0,0.0,0.0,0.0,Avg,Avg,Avg,Avg,Avg,Avg
Lucario,2024-07-11,537.0,32.0,21.69,71.6,52.7,447.5,25.3,23.3,83.6,41.7,0.6056082001549857,2.9610096462186677,-0.16993289336039008,-0.6629126073623882,14.206418058384205,Avg,High,Avg,Avg,High,High
Lucario,2024-07-20,502.0,34.0,22.74,102.1,48.2,477.3,27.5,22.8,79.6,45.3,0.21159013251637404,1.544799478147155,-0.0067529363709052164,1.545889809176191,0.44767991941316687,Avg,High,Avg,High,Avg,High
Lucario,2024-07-31,544.0,32.3,23.96,88.5,19.4,483.5,29.2,22.8,85.2,46.1,0.6303337377189606,0.6695059500377668,0.21001298277731337,0.20013120138352058,-4.915836391815641,Avg,Avg,Avg,Avg,Low,Avg
Lucario,2024-11-24,255.0,27.1,31.19,68.9,31.1,495.6,29.8,23.0,85.9,40.7,-2.7524028427286646,-0.6216273936691971,1.663815640435127,-1.1918005276830392,-0.7509966238199013,Low,Avg,High,Low,Avg,High
Lucario,2025-08-19,529.0,34.6,30.16,110.4,23.5,455.5,29.3,24.4,83.0,39.1,0.5854557514544795,1.3139321535037745,1.047944826349003,1.885341765767367,-1.289385133325137,Avg,High,High,High,Low,High
Lucario,2025-08-31,182.0,22.5,31.05,117.7,33.4,466.0,30.1,25.2,87.0,36.9,-2.4083368314432634,-1.8210793203721276,1.0646811856984286,1.8299659354620283,-0.2781152204909704,Low,Low,High,High,Avg,High
Lucario,2025-10-03,170.0,37.6,15.58,70.3,12.6,430.5,29.1,25.9,90.8,36.4,-1.756233622070229,1.8015297724851704,-1.8856796012774923,-1.0803677008585495,-2.0438972319644195,Low,High,Low,Low,Low,High
Lucario,2025-10-17,220.0,33.6,19.53,73.2,32.7,401.6,30.1,24.8,88.5,33.8,-1.1092075809503172,0.6745566474740403,-0.8488851468769825,-0.8056080979884374,-0.08146025318013901,Low,Avg,Avg,Avg,Avg,High
Lucario,2025-10-18,422.0,12.8,24.79,103.0,40.6,383.4,30.4,24.3,87.0,33.7,0.2344319770093992,-3.4929271943375073,0.08787852744768176,0.861920417411552,0.5425569533737848,Avg,Low,Avg,Avg,Avg,Low
Lucario,2025-10-26,166.0,30.9,28.56,107.1,27.9,386.9,28.8,24.3,88.4,34.3,-1.4103267803290664,0.28971719989678785,0.7391254431443043,1.0210023009406441,-0.5234744513566875,Low,Avg,Avg,High,Avg,High
Lucario,2025-11-30,162.0,12.1,12.47,115.7,50.5,368.5,29.0,24.7,90.0,33.8,-1.2716094957256312,-2.4680320676647614,-2.1674756863699765,1.4094637893648472,1.4123500749324824,Low,Low,Low,High,High,Avg
Machamp,2024-01-07,333.0,33.6,12.9,68.8,23.4,,,,,,0.0,0.0,0.0,0.0,0.0,Avg,Avg,Avg,Avg,Avg,Avg
Machamp,2024-03-21,249.0,30.5,24.71,101.2,26.0,333.0,33.6,12.9,68.8,23.4,0.0,0.0,0.0,0.0,0.0,Avg,Avg,Avg,Avg,Avg,Avg
Machamp,2024-03-25,172.0,13.1,28.11,115.5,53.6,291.0,32.0,18.8,85.0,24.7,-2.0034692133618845,-8.64495064740973,1.1142470108282514,1.331281285567265,15.719527674070164,Low,Low,High,High,High,High
Machamp,2024-04-01,513.0,18.2,30.61,74.4,42.4,251.3,25.7,21.9,95.2,34.3,3.2494939744485674,-0.6817472965127208,1.0902184923602456,-0.8679010151843076,0.481995213255925,High,Avg,High,Avg,Avg,High
Machamp,2024-04-27,488.0,22.9,27.31,107.6,28.7,316.8,23.8,24.1,90.0,36.4,1.1695415557841593,-0.09716668235270237,0.41181133243107804,0.79662627390192,-0.5369291491562448,High,Avg,Avg,Avg,Avg,Low
Machamp,2024-08-18,239.0,11.5,26.14,78.9,39.8,351.0,23.7,24.7,93.5,34.8,-0.7560408863791179,-1.4343353055831347,0.20348457810527093,-0.7046893432369704,0.3889295877929051,Avg,Low,Avg,Avg,Avg,Low
Machamp,2024-09-11,347.0,14.2,30.8,70.4,22.8,332.3,21.6,25.0,91.1,35.6,0.10463634529954448,-0.8201611803382227,0.9363787924929443,-1.0616780782252704,-1.1047455329778946,Avg,Avg,Avg,Low,Low,Avg
Machamp,2024-12-05,289.0,32.2,18.9,90.1,31.7,334.4,20.6,25.8,88.1,33.8,-0.3547020146445386,1.3308650909968136,-1.1301580283491424,0.10229824282780717,-0.18107578363926466,Avg,High,Low,Avg,Avg,Low
Machamp,2025-06-09,334.0,38.7,15.73,116.7,36.8,328.8,22.0,24.9,88.4,33.6,0.04387520995073712,1.837615985643207,-1.49580842993751,1.5756334716982126,0.2999284110937062,Avg,High,Low,High,Avg,Low
Machamp,2025-06-19,268.0,37.7,23.58,102.8,13.8,329.3,23.9,23.9,91.5,33.9,-0.5478975660331586,1.3623114719553289,-0.05093004699368798,0.5851081047045942,-1.9728762595117098,Avg,High,Avg,Avg,Low,High
Machamp,2025-06-20,296.0,32.8,30.59,68.7,14.6,323.2,25.3,23.9,92.6,31.9,-0.25347531749069047,0.7169206599380266,1.0910522305039718,-1.291454266276305,-1.5011540586095589,Avg,Avg,High,Low,Low,High
Machamp,2025-06-29,372.0,12.4,26.14,114.8,33.4,320.7,25.9,24.5,90.5,30.3,0.5020271805261125,-1.3236751192492,0.26730328601352316,1.2802079275996066,0.2536585401569022,Avg,Low,Avg,High,Avg,Low
Machamp,2025-08-09,437.0,36.9,18.46,105.1,43.9,325.0,24.8,24.6,92.5,30.6,1.137091796846529,1.149549433111142,-1.0437833081970647,0.6486127386109526,1.14958306183062,High,High,Low,Avg,High,Low
Mewtwo,2024-03-07,506.0,13.8,16.56,116.1,27.3,,,,,,0.0,0.0,0.0,0.0,0.0,Avg,Avg,Avg,Avg,Avg,Avg
Mewtwo,2024-03-25,263.0,8.8,14.09,68.6,37.0,506.0,13.8,16.6,116.1,27.3,0.0,0.0,0.0,0.0,0.0,Avg,Avg,Avg,Avg,Avg,Avg
Mewtwo,2024-05-10,479.0,22.1,22.36,68.4,17.3,384.5,11.3,15.3,92.4,32.2,0.5499719409228703,3.0547012947258856,4.027932150321752,-0.7130613646070655,-2.165058907344377,Avg,High,High,Avg,Low,High
Mewtwo,2024-05-19,201.0,23.2,30.81,113.7,24.0,416.0,14.9,17.7,84.4,27.2,-1.6142615150654387,1.2355076124783333,3.0952109838151083,1.0673631793247353,-0.3248605405603311,Low,High,High,High,Avg,High
Mewtwo,2024-06-19,433.0,39.7,13.0,73.7,31.4,362.2,17.0,21.0,91.7,26.4,0.4626827352939768,3.3039330841686247,-1.070903293309111,-0.6714641883969495,0.6097258719631401,Avg,High,Low,Avg,Avg,Low
Mewtwo,2024-09-03,323.0,37.0,22.54,100.9,33.2,376.4,21.5,19.4,88.1,27.4,-0.39220412844538166,1.3140983096377619,0.4320339553453057,0.5209259625463708,0.7789973272957859,Avg,High,Avg,Avg,Avg,High
Mewtwo,2025-02-09,528.0,19.1,15.42,115.3,26.4,367.5,24.1,19.9,90.2,28.4,1.2973324342301114,-0.4069589167386374,-0.6674821938457355,1.1096240438210747,-0.27825483806516427,High,Avg,Avg,High,Avg,Low
Mewtwo,2025-04-24,254.0,29.4,31.23,107.6,54.5,390.4,23.4,19.3,93.8,28.1,-1.0642055285315073,0.528781264499151,1.8867669875939257,0.6074545828952373,4.067037989807517,Low,Avg,High,Avg,High,High
Mewtwo,2025-05-18,211.0,36.3,22.87,76.5,32.7,373.4,24.1,20.8,95.5,31.4,-1.2674176347452881,1.1321644987643293,0.2925294143831329,-0.8826451632938549,0.11816662836219269,Low,High,Avg,Avg,Avg,High
Mewtwo,2025-07-09,460.0,27.6,20.94,73.5,46.5,355.3,25.5,21.0,93.4,31.5,0.7959672486833675,0.19482614864814335,-0.006850869340274546,-0.9419443618318021,1.4392356356793525,Avg,Avg,Avg,Avg,High,Avg
Mewtwo,2025-10-04,393.0,16.5,24.58,104.0,33.9,365.8,25.7,21.0,91.4,33.0,0.21197336584663085,-0.8986176761104678,0.5602413727057929,0.6010891144537255,0.07991256761101188,Avg,Avg,Avg,Avg,Avg,Avg
Mewtwo,2025-10-31,533.0,10.5,22.38,72.2,26.8,368.3,24.9,21.3,92.6,33.1,1.3501229454063703,-1.4220129588631414,0.17304848238254253,-1.0086668200978204,-0.610662619950746,High,Low,Avg,Low,Avg,Low
Mewtwo,2025-11-06,336.0,27.3,28.74,79.6,13.4,382.0,23.7,21.4,90.9,32.6,-0.3660237491008393,0.3465097081022938,1.2425415939408502,-0.5599499846857053,-1.914944558785529,Avg,Avg,High,Avg,Low,High
Pikachu,2024-03-21,343.0,22.7,24.78,65.7,44.7,,,,,,0.0,0.0,0.0,0.0,0.0,Avg,Avg,Avg,Avg,Avg,Avg
Pikachu,2024-09-15,518.0,25.4,28.31,116.6,53.1,343.0,22.7,24.8,65.7,44.7,0.0,0.0,0.0,0.0,0.0,Avg,Avg,Avg,Avg,Avg,Avg
Pikachu,2024-09-16,427.0,39.1,29.94,77.2,24.2,430.5,24.0,26.5,91.2,48.9,-0.0282842712474619,7.8829311532278075,1.360128907721434,-0.387588982222096,-4.158461308406604,Avg,High,High,Avg,Low,High
Pikachu,2024-12-18,531.0,26.5,14.61,111.5,38.8,429.3,29.1,27.7,86.5,40.7,1.1615950445163716,-0.2918866193677032,-4.953891925662004,0.9365398072473818,-0.12556464127321962,High,Avg,Low,Avg,Avg,Low
Pikachu,2025-05-14,180.0,27.4,27.52,116.3,46.2,454.8,28.4,24.4,92.8,40.2,-3.132915261021953,-0.14053518090549136,0.45209123818113844,0.9372903881007871,0.4928529729027763,Low,Avg,Avg,Avg,Avg,High
Pikachu,2025-06-10,512.0,18.8,17.62,79.7,29.1,399.8,28.2,25.0,97.5,41.4,0.7767412639911006,-1.48744464939375,-1.2115645492978449,-0.7346668753764304,-1.1306073554815659,Avg,Low,Low,Avg,Low,Low
Pikachu,2025-08-05,541.0,37.1,29.3,65.3,31.4,418.5,26.6,23.8,94.5,39.4,0.8936441345872517,1.5263201935810626,0.8801403949403418,-1.2804012953366823,-0.7260379940014738,Avg,High,Avg,Low,Avg,High
Pikachu,2025-08-26,522.0,24.7,30.46,106.5,16.0,436.0,28.1,24.6,90.3,38.2,0.6445489735225891,-0.4656641868474946,0.9674021048689254,0.6863096722172481,-2.128282021148457,Avg,Avg,Avg,Avg,Low,Avg
Pikachu,2025-09-27,557.0,9.7,30.04,114.4,45.8,446.8,27.7,25.3,92.4,35.4,0.8666357924885427,-2.5908407882974704,0.78759895750654,0.9777497985983593,0.832160124914644,Avg,Low,Avg,Avg,Avg,Low
Pikachu,2025-12-01,177.0,22.2,27.04,117.5,18.3,459.0,25.7,25.8,94.8,36.6,-2.264238703727096,-0.39668226134001466,0.2056084704964345,1.0161584711571838,-1.5053036653574257,Low,Avg,Avg,High,Low,High
Pikachu,2025-12-07,317.0,29.3,17.09,71.3,16.0,430.8,25.4,26.0,97.1,34.8,-0.7718066156555055,0.4680155029311285,-1.6115072308534144,-1.158142659344455,-1.4619690961830063,Avg,Avg,Low,Low,Low,Low
Snorlax,2024-02-06,222.0,23.9,25.58,91.2,43.8,,,,,,0.0,0.0,0.0,0.0,0.0,Avg,Avg,Avg,Avg,Avg,Avg
Snorlax,2024-02-27,260.0,17.1,30.44,105.1,31.9,222.0,23.9,25.6,91.2,43.8,0.0,0.0,0.0,0.0,0.0,Avg,Avg,Avg,Avg,Avg,Avg
Snorlax,2024-03-29,557.0,39.0,20.97,115.5,20.8,241.0,20.5,28.0,98.2,37.8,11.760302255523632,3.847492779985628,-2.0485727323264564,1.7652234033937566,-2.0262471628959053,High,High,Low,High,Low,Low
Snorlax,2024-10-07,510.0,27.9,13.58,82.4,45.2,346.3,26.7,25.7,103.9,32.2,0.8922598804630895,0.11002990664054367,-2.5516219783831153,-1.7661945705104076,1.133104879009279,Avg,Avg,Low,Low,High,Low
Snorlax,2024-10-25,202.0,9.1,28.25,83.4,34.5,387.2,27.0,22.6,98.6,35.4,-1.0854404199541332,-1.948670204487035,0.781750281432675,-1.0331813792839235,-0.0809198691861838,Low,Low,Avg,Low,Avg,High
Snorlax,2025-01-21,485.0,39.3,27.67,73.1,15.1,350.2,23.4,23.8,95.5,35.2,0.7955717380410379,1.4108413061316698,0.5830641164100979,-1.557669512445151,-2.03265388765006,Avg,High,Avg,Low,Low,High
Snorlax,2025-02-11,274.0,14.2,29.0,82.7,13.4,372.7,26.0,24.4,91.8,31.9,-0.6119533350180526,-0.9883823878859941,0.7394673650373553,-0.5750446454967014,-1.5289499455452982,Avg,Avg,Avg,Avg,Low,Avg
Snorlax,2025-03-08,524.0,21.9,16.68,93.0,33.6,358.6,24.4,25.1,90.5,29.2,1.089526564368589,-0.20778064339185803,-1.4173443198516489,0.16962439194696663,0.33359967655080436,High,Avg,Low,Avg,Avg,Low
Snorlax,2025-06-07,279.0,13.0,25.31,119.9,18.7,379.2,24.0,24.0,90.8,29.8,-0.6584380988990133,-1.006114649130523,0.2068059475643261,2.1160738515225423,-0.909567485412121,Avg,Low,Avg,High,Avg,Low
Snorlax,2025-10-06,497.0,26.5,25.02,87.8,33.7,368.1,22.8,24.2,94.0,28.6,0.8810588723259329,0.33698287187351816,0.14637348443572756,-0.386898713946536,0.4291841555155392,Avg,Avg,Avg,Avg,Avg,Avg
Squirtle,2024-02-05,188.0,22.7,21.99,88.4,49.1,,,,,,0.0,0.0,0.0,0.0,0.0,Avg,Avg,Avg,Avg,Avg,Avg
Squirtle,2024-02-08,476.0,37.1,27.56,115.3,19.8,188.0,22.7,22.0,88.4,49.1,0.0,0.0,0.0,0.0,0.0,Avg,Avg,Avg,Avg,Avg,Avg
Squirtle,2024-03-22,373.0,27.9,20.67,71.7,38.7,332.0,29.9,24.8,101.8,34.4,0.20132901408783646,-0.1964185503295965,-1.0422525446214632,-1.5850757957453088,0.20513336655582434,Avg,Avg,Low,Low,Avg,Low
Squirtle,2024-04-06,238.0,22.8,15.4,118.2,43.2,345.7,29.2,23.4,91.8,35.9,-0.7377833494599881,-0.8822448078829607,-2.18944246575199,1.2001115858102462,0.49369192197841266,Avg,Avg,Low,High,Avg,Low
Squirtle,2024-04-18,556.0,13.5,27.52,110.9,15.8,318.8,27.6,21.4,98.4,37.7,1.814530443127974,-2.0872548238012034,1.2244170624111295,0.5607881432481785,-1.728432745531076,High,Low,High,Avg,Low,Low
Squirtle,2024-05-09,252.0,38.6,25.39,96.0,54.8,366.2,24.8,22.6,100.9,33.3,-0.7359445219218783,1.60151443479242,0.5397531009329624,-0.24381881600675226,1.4604238382191523,Avg,High,Avg,Avg,High,High
Squirtle,2024-07-11,491.0,20.6,24.5,102.0,44.9,347.2,27.1,23.1,100.1,36.9,0.9823763056884275,-0.6808616054562834,0.299477009641868,0.10597413996482112,0.506004907638897,Avg,Avg,Avg,Avg,Avg,Avg
Squirtle,2024-07-25,183.0,30.9,17.99,83.6,26.1,367.7,26.2,23.3,100.4,38.0,-1.2801609997025267,0.5222288513105762,-1.2223191754088252,-1.0139726690579716,-0.8099079545912778,Low,Avg,Low,Low,Avg,Low
Squirtle,2024-11-23,497.0,8.8,30.11,93.0,54.9,344.6,26.8,22.6,98.3,36.6,1.0247471441636717,-2.101367463507487,1.6889852209335414,-0.320741181831366,1.284100706760644,High,Low,High,Avg,High,Low
Squirtle,2025-03-24,520.0,31.6,27.0,106.3,49.1,361.6,24.8,23.5,97.7,38.6,1.0700265659142452,0.6840691033085492,0.7321283228104586,0.5581609789742411,0.7150314615689075,High,Avg,Avg,Avg,Avg,Low
Squirtle,2025-05-30,388.0,17.9,24.17,88.4,34.2,377.4,25.4,23.8,98.5,39.6,0.07146439137672206,-0.7813574052529196,0.07602868465425884,-0.6843434132595534,-0.38168740303377957,Avg,Avg,Avg,Avg,Avg,Avg
Squirtle,2025-06-01,219.0,38.4,12.62,74.9,52.5,378.4,24.8,23.8,97.6,39.1,-1.1322434539307331,1.4437287613045056,-2.51921475901512,-1.5792530712677506,0.9804932238445117,Low,High,Low,Low,Avg,High
Squirtle,2025-07-12,382.0,39.8,18.25,77.9,16.2,365.1,25.9,22.9,95.7,40.3,0.11924362183802932,1.4142634711543776,-0.8721146767889525,-1.172452310421186,-1.7759793482465491,Avg,High,Avg,Low,Low,High
Squirtle,2025-08-31,349.0,17.5,15.45,102.6,42.4,366.4,27.0,22.6,94.4,38.4,-0.1279147973113317,-0.9311766678728354,-1.3458580584629012,0.536419856972489,0.27371610045732714,Avg,Avg,Low,Avg,Avg,Low
Squirtle,2025-09-07,525.0,36.9,30.76,116.7,27.6,365.1,26.3,22.0,94.9,38.7,1.2234720114994375,1.0509814708270637,1.6100799098617453,1.4569825627118205,-0.7893062707690307,High,High,High,High,Avg,Avg
Squirtle,2025-11-03,448.0,36.1,26.01,107.2,25.9,375.8,27.0,22.6,96.4,38.0,0.5449113137611072,0.9006559167210625,0.5957838833863853,0.6995742707467526,-0.8707628988117856,Avg,Avg,Avg,Avg,Avg,Avg
Squirtle,2025-11-06,543.0,26.7,27.54,113.6,39.7,380.3,27.6,22.8,97.1,37.2,1.2584881244511836,-0.08667776163576976,0.8469151041426178,1.090001321209802,0.18237263360398667,High,Avg,Avg,High,Avg,Low
Sylveon,2024-06-11,221.0,22.2,30.84,77.7,39.3,,,,,,0.0,0.0,0.0,0.0,0.0,Avg,Avg,Avg,Avg,Avg,Avg
Sylveon,2024-06-12,276.0,27.8,20.33,92.8,12.1,221.0,22.2,30.8,77.7,39.3,0.0,0.0,0.0,0.0,0.0,Avg,Avg,Avg,Avg,Avg,Avg
Sylveon,2024-11-11,171.0,23.1,27.96,116.8,16.2,248.5,25.0,25.6,85.2,25.7,-1.9927554742529976,-0.4798224586622996,0.3195772797941104,2.9548634366139845,-0.4939348839170737,Low,Avg,Avg,High,Avg,High
Sylveon,2025-02-08,547.0,25.5,14.38,77.6,19.0,222.7,24.4,26.4,95.8,22.5,6.175444339440419,0.376871583814457,-2.2089438364478426,-0.9213194883724006,-0.24094705301696667,High,Avg,Low,Avg,Avg,Low
Sylveon,2025-03-02,494.0,38.5,24.49,78.1,18.1,303.8,24.6,23.4,91.2,21.6,1.134191565447951,5.496204846667874,0.14913955139875848,-0.7100206788510713,-0.2933149816523414,High,High,Avg,Avg,Avg,Low
Sylveon,2025-03-12,522.0,16.3,19.91,80.4,16.5,341.8,27.4,23.6,88.6,20.9,1.0703894952709458,-1.6932853963485128,-0.5695139588377475,-0.4809115346650603,-0.41882506014832543,High,Low,Avg,Avg,Avg,Low
Sylveon,2025-04-02,341.0,17.0,18.9,106.4,52.5,371.8,25.6,23.0,87.2,20.2,-0.18398415772641172,-1.1539687186310816,-0.6822231679285398,1.2275367125845948,3.345901920525099,Avg,Low,Avg,High,High,Low
Sylveon,2025-07-01,494.0,9.0,30.67,108.4,35.6,367.4,24.3,22.4,90.0,24.8,0.8249541602551919,-2.0428196399175738,1.4557483728807925,1.1525910513293285,0.7163442565425235,Avg,Low,High,High,Avg,High
Sylveon,2025-07-24,316.0,39.6,17.98,71.9,20.8,383.2,22.4,23.4,92.3,26.2,-0.451556623618755,1.947478838651388,-0.906662769823312,-1.259797338053068,-0.3710588758780667,Avg,High,Avg,Low,Avg,High
Sylveon,2025-10-02,318.0,34.2,17.82,111.8,23.3,375.8,24.3,22.8,90.0,25.6,-0.4094735088966009,0.9825973142699024,-0.8468919643993127,1.313910810490056,-0.16622464173183837,Avg,Avg,Avg,High,Avg,Avg
Sylveon,2025-11-03,552.0,26.0,27.02,79.4,24.9,370.0,25.3,22.3,92.2,25.3,1.3553603946237993,0.06821803979624382,0.809414032714025,-0.7485765572491871,-0.03417139760464224,High,Avg,Avg,Avg,Avg,Low
Sylveon,2025-11-22,481.0,12.9,17.07,95.8,48.1,386.5,25.4,22.8,91.0,25.3,0.6809637949875911,-1.319607788431571,-1.001088759924069,0.2864541910342289,1.8663712977348146,Avg,Low,Low,Avg,High,Low
Sylveon,2025-12-12,484.0,16.9,22.73,109.8,10.1,394.4,24.3,22.3,91.4,27.2,0.6634149446248019,-0.7662575560926558,0.0793955124735207,1.1523516467268016,-1.2781529574864268,Avg,Avg,Avg,High,Low,Avg
Sylveon,2025-12-15,556.0,16.0,21.43,114.9,21.1,401.3,23.8,22.3,92.8,25.9,1.1750210939084018,-0.8157046632415907,-0.16341798579476638,1.3707114426479279,-0.3502920691679864,High,Avg,Avg,High,Avg,Low
Umbreon,2024-01-15,272.0,13.7,25.78,101.1,40.6,,,,,,0.0,0.0,0.0,0.0,0.0,Avg,Avg,Avg,Avg,Avg,Avg
Umbreon,2024-03-23,229.0,15.6,20.6,96.3,30.2,272.0,13.7,25.8,101.1,40.6,0.0,0.0,0.0,0.0,0.0,Avg,Avg,Avg,Avg,Avg,Avg
Umbreon,2024-04-07,224.0,26.0,16.24,101.6,42.0,250.5,14.6,23.2,98.7,35.4,-0.8715502186717912,8.448065227860326,-1.897448698550775,0.8544206939337484,0.8974816838136951,Avg,High,Low,Avg,Avg,Low
Umbreon,2024-04-23,338.0,21.0,28.63,113.5,39.3,241.7,18.4,20.9,99.7,37.6,3.6506314878514585,0.3876302736146,1.6241369266135763,4.727215676803306,0.2637006206370208,High,Avg,High,High,Avg,High
Umbreon,2024-04-29,499.0,35.3,29.47,92.1,33.9,265.8,19.1,22.8,103.1,38.0,4.42046074492806,2.9199496413590174,1.210506068090283,-1.5066148362069447,-0.7736452939759304,High,High,High,Low,Avg,Avg
Umbreon,2024-07-04,221.0,18.9,14.58,91.4,47.5,312.4,22.3,24.1,100.9,37.2,-0.8025792506770832,-0.3927999745629082,-1.702706050082556,-1.1856359986021348,2.0714243376607273,Avg,Avg,Low,Low,High,Low
Umbreon,2024-09-26,453.0,19.2,21.74,70.3,37.3,297.2,21.8,22.6,99.3,38.9,1.4365254887234435,-0.3223074606787781,-0.12730273450010038,-3.555415985617895,-0.26413559832409433,High,Avg,Avg,Low,Avg,Low
Umbreon,2025-02-21,392.0,36.3,14.76,96.8,15.3,319.4,21.4,22.4,95.2,38.7,0.6298516646334283,2.0468699630415546,-1.319407247574181,0.1216854795763969,-4.160696205210509,Avg,High,Low,Avg,Low,Low
Umbreon,2025-04-25,257.0,20.6,19.5,101.2,22.7,328.5,23.2,21.5,95.4,35.8,-0.6516871839360405,-0.30949955771642873,-0.32753281773793824,0.47274431156945745,-1.3370926281993214,Avg,Avg,Avg,Avg,Low,Avg
Umbreon,2025-05-27,404.0,14.7,22.26,119.4,29.0,320.6,23.0,21.3,96.0,34.3,0.7919918694788514,-1.024544992078759,0.1768770472601105,2.0034541793884744,-0.5246745060456025,Avg,Low,Avg,High,Avg,Low
Umbreon,2025-09-21,345.0,26.0,17.54,90.7,16.8,328.9,22.1,21.4,98.4,33.8,0.15664580181728657,0.4817630609733793,-0.7114874639343836,-0.5789451498459655,-1.7522482697887534,Avg,Avg,Avg,Avg,Low,Avg
Umbreon,2025-09-24,428.0,17.5,17.17,89.8,44.5,330.4,22.5,21.0,97.7,32.2,1.0001051769930964,-0.6461853504747296,-0.7359312422485714,-0.616049935433184,1.1654598359403046,High,Avg,Avg,Avg,High,Low
