Name,ExternalId,Test Type,Date,Time,BW [KG],Reps (L),Reps (R),Tags,Jump Height (Imp-Mom) [cm],Jump Height (Imp-Mom) [cm] (L),Jump Height (Imp-Mom) [cm] (R),Jump Height (Imp-Mom) [cm] (Asym)(%),Braking Phase Duration [ms],Braking Phase Duration [ms] (L),Braking Phase Duration [ms] (R),Braking Phase Duration [ms] (Asym)(%),Countermovement Depth [cm],Countermovement Depth [cm] (L),Countermovement Depth [cm] (R),Countermovement Depth [cm] (Asym)(%),Eccentric Deceleration Mean Force [N],Eccentric Deceleration Mean Force [N] (L),Eccentric Deceleration Mean Force [N] (R),Eccentric Deceleration Mean Force [N] (Asym)(%),Concentric Duration [ms],Concentric Duration [ms] (L),Concentric Duration [ms] (R),Concentric Duration [ms] (Asym)(%),Concentric Mean Force / BM [N/kg],Concentric Mean Force / BM [N/kg] (L),Concentric Mean Force / BM [N/kg] (R),Concentric Mean Force / BM [N/kg] (Asym)(%)
Greninja,,slj,2025-10-17,15:31:34,90.3,3,3,,25.9,31.7,20.1,36.6,226,162,290,44.1,23.4,21.5,25.3,15.0,630,620,639,3.0,260,318,201,36.8,27.18,31.68,22.67,28.4
Eevee,,slj,2024-01-21,16:59:28,83.0,3,3,,47.4,41.4,53.4,22.5,290,222,358,38.0,21.4,28.9,13.9,51.9,1196,1300,1091,16.1,349,217,481,54.9,25.3,20.59,30.0,31.4
Greninja,,slj,2025-07-13,11:44:13,88.0,3,3,,46.6,44.7,48.5,7.8,340,432,249,42.4,26.2,21.1,31.4,32.8,1766,1546,1987,22.2,410,376,445,15.5,17.94,12.53,23.35,46.3
Mewtwo,,slj,2024-05-19,16:35:19,113.7,3,3,,30.8,37.5,24.0,36.0,256,259,252,2.7,24.4,25.5,23.2,9.0,1956,1800,2113,14.8,350,499,201,59.7,22.9,14.98,30.81,51.4
Dragonite,,slj,2024-04-22,08:48:50,79.7,3,3,,25.2,22.1,28.2,21.6,416,462,371,19.7,19.4,11.6,27.3,57.5,1390,987,1793,45.0,432,530,333,37.2,18.18,12.38,23.97,48.4
Greninja,,slj,2025-07-02,11:49:07,110.9,3,3,,50.1,50.8,49.4,2.8,352,370,334,9.7,26.4,14.0,38.8,63.9,1052,950,1154,17.7,421,429,413,3.7,23.38,15.68,31.08,49.5
Charizard,,slj,2025-03-11,10:25:52,94.7,3,3,,34.0,33.6,34.5,2.6,412,345,479,28.0,27.6,21.1,34.2,38.3,1683,1897,1469,22.6,354,239,470,49.1,12.58,12.11,13.05,7.2
Machamp,,slj,2025-06-19,07:02:35,102.8,3,3,,20.8,27.8,13.8,50.4,479,489,469,4.1,29.7,21.7,37.7,42.4,1204,1203,1206,0.2,238,207,268,22.8,21.81,20.04,23.58,15.0
Gengar,,slj,2024-11-18,06:26:27,90.8,3,3,,41.8,32.6,51.1,36.2,375,362,388,6.7,16.2,17.5,15.0,14.3,1866,1802,1930,6.6,210,160,261,38.7,23.4,31.89,14.9,53.3
Garchomp,,slj,2025-02-16,08:57:29,79.8,3,3,,34.5,52.0,17.0,67.3,428,476,379,20.4,24.8,29.2,20.3,30.5,1559,1387,1731,19.9,454,415,494,16.0,24.08,23.8,24.35,2.3
Charizard,,slj,2024-10-06,18:50:38,78.4,3,3,,33.5,34.3,32.7,4.7,338,341,336,1.5,30.4,31.1,29.7,4.5,1532,1967,1097,44.2,258,329,188,42.9,14.17,14.2,14.14,0.4
Pikachu,,slj,2024-09-15,19:48:13,116.6,3,3,,49.4,45.6,53.1,14.1,354,269,438,38.6,28.2,31.1,25.4,18.3,1285,808,1762,54.1,415,312,518,39.8,27.3,26.3,28.31,7.1
Alakazam,,slj,2024-04-23,18:20:34,81.1,3,3,,30.8,20.7,41.0,49.5,250,248,252,1.6,18.8,14.0,23.6,40.7,1031,828,1234,32.9,348,438,258,41.1,23.57,21.39,25.75,16.9
Mewtwo,,slj,2025-11-06,15:19:57,79.6,3,3,,18.4,23.5,13.4,43.0,298,319,276,13.5,18.4,9.5,27.3,65.2,1241,1635,847,48.2,360,383,336,12.3,25.91,23.08,28.74,19.7
Jigglypuff,,slj,2024-08-26,19:47:02,114.0,3,3,,38.2,47.5,28.9,39.2,364,466,262,43.8,23.0,9.5,36.4,73.9,1020,1353,688,49.2,368,477,258,45.9,27.5,23.43,31.58,25.8
Dragonite,,slj,2024-12-03,07:47:10,108.0,3,3,,18.2,23.2,13.3,42.7,425,383,467,18.0,10.5,10.8,10.2,5.6,1184,1799,568,68.4,368,312,424,26.4,18.64,21.04,16.24,22.8
Pikachu,,slj,2025-08-05,14:51:06,65.3,3,3,,32.9,34.4,31.4,8.7,450,389,512,24.0,37.1,37.1,37.1,0.0,966,1345,587,56.4,386,232,541,57.1,24.77,20.24,29.3,30.9
Greninja,,slj,2024-12-23,10:41:56,69.1,3,3,,30.6,12.9,48.3,73.3,402,426,378,11.3,24.4,14.7,34.0,56.8,1605,1511,1699,11.1,346,253,438,42.2,19.44,17.18,21.71,20.9
Bulbasaur,,slj,2025-08-06,09:14:21,70.6,3,3,,39.9,31.0,48.8,36.5,364,353,375,5.9,20.6,28.1,13.1,53.4,1584,1872,1297,30.7,281,191,371,48.5,20.5,14.26,26.73,46.7
Lucario,,slj,2024-02-20,19:25:39,96.4,3,3,,35.8,29.5,42.2,30.1,447,433,461,6.1,21.7,19.7,23.7,16.9,905,1032,778,24.6,365,178,552,67.8,24.27,18.36,30.18,39.2
Umbreon,,slj,2024-04-23,11:47:54,113.5,3,3,,33.0,26.7,39.3,32.1,440,375,505,25.7,22.5,24.0,21.0,12.5,1126,739,1512,51.1,401,464,338,27.2,22.74,16.86,28.63,41.1
Garchomp,,slj,2025-07-09,18:21:41,112.7,3,3,,39.2,35.9,42.6,15.7,366,236,496,52.4,22.0,12.8,31.1,58.8,1120,1118,1123,0.4,358,514,203,60.5,21.4,19.2,23.59,18.6
Dragonite,,slj,2024-05-14,09:54:24,79.3,3,3,,19.7,10.7,28.7,62.7,230,244,216,11.5,26.8,25.3,28.3,10.6,1398,624,2173,71.3,483,496,470,5.2,24.98,28.99,20.98,27.6
Alakazam,,slj,2025-05-17,11:54:43,65.8,3,3,,43.2,38.0,48.4,21.5,334,380,289,23.9,24.9,23.7,26.1,9.2,1705,1655,1755,5.7,522,525,520,1.0,21.06,14.45,27.67,47.8
Snorlax,,slj,2024-10-25,09:24:17,83.4,3,3,,31.2,27.8,34.5,19.4,236,175,298,41.3,19.4,29.8,9.1,69.5,1804,2066,1542,25.4,251,300,202,32.7,29.94,31.64,28.25,10.7
Bulbasaur,,slj,2024-03-19,14:40:02,109.9,3,3,,42.6,31.4,53.9,41.7,410,452,367,18.8,29.7,36.6,22.8,37.7,1340,1540,1141,25.9,406,318,495,35.8,21.91,16.86,26.96,37.5
Squirtle,,slj,2024-04-06,19:41:51,118.2,3,3,,30.9,18.6,43.2,56.9,242,270,214,20.7,30.6,38.3,22.8,40.5,728,482,975,50.6,371,504,238,52.8,14.2,12.99,15.4,15.6
Machamp,,slj,2024-01-07,08:29:02,68.8,3,3,,19.2,15.0,23.4,35.9,386,287,486,40.9,35.9,38.2,33.6,12.0,886,1228,543,55.8,405,477,333,30.2,14.82,16.73,12.9,22.9
Jigglypuff,,slj,2025-10-12,18:43:25,85.0,3,3,,24.8,12.4,37.3,66.8,250,270,230,14.8,22.2,27.2,17.2,36.8,1876,2179,1572,27.9,316,358,273,23.7,25.8,24.43,27.18,10.1
Charizard,,slj,2025-09-17,10:17:33,117.9,3,3,,43.4,54.9,31.9,41.9,392,275,510,46.1,31.1,40.0,22.2,44.5,842,480,1204,60.1,427,444,410,7.7,28.42,25.41,31.44,19.2
Jigglypuff,,slj,2024-01-24,11:05:30,67.3,3,3,,30.6,30.4,30.7,1.0,203,160,246,35.0,20.1,18.0,22.2,18.9,1239,1609,869,46.0,382,276,489,43.6,21.12,18.79,23.46,19.9
Pikachu,,slj,2025-12-07,09:53:04,71.3,3,3,,26.7,37.4,16.0,57.2,262,246,277,11.2,32.4,35.5,29.3,17.5,913,1374,452,67.1,385,453,317,30.0,22.56,28.04,17.09,39.1
Eevee,,slj,2024-09-21,14:29:00,66.2,3,3,,35.0,54.8,15.2,72.3,392,379,405,6.4,28.2,34.3,22.1,35.6,695,571,819,30.3,271,241,301,19.9,24.38,28.44,20.33,28.5
Bulbasaur,,slj,2025-10-23,09:16:50,115.9,3,3,,33.6,22.5,44.7,49.7,308,208,408,49.0,28.8,28.2,29.3,3.8,1600,1911,1290,32.5,354,434,273,37.1,25.69,21.6,29.78,27.5
Bulbasaur,,slj,2025-08-24,06:50:59,78.3,3,3,,32.4,46.6,18.1,61.2,310,386,235,39.1,34.3,39.7,28.9,27.2,1458,792,2124,62.7,335,358,312,12.8,29.48,31.3,27.66,11.6
Machamp,,slj,2025-06-09,19:40:57,116.7,3,3,,45.8,54.9,36.8,33.0,234,250,219,12.4,35.6,32.4,38.7,16.3,1074,1152,995,13.6,398,462,334,27.7,16.31,16.9,15.73,6.9
Lucario,,slj,2024-07-11,12:45:04,71.6,3,3,,48.2,43.6,52.7,17.3,256,161,352,54.3,33.2,34.5,32.0,7.2,1048,854,1241,31.2,442,347,537,35.4,23.19,24.69,21.69,12.2
Squirtle,,slj,2024-05-09,19:13:07,96.0,3,3,,39.0,23.2,54.8,57.7,257,197,317,37.9,26.3,14.0,38.6,63.7,766,975,557,42.9,342,431,252,41.5,23.11,20.83,25.39,18.0
Dragonite,,slj,2025-03-31,11:46:07,103.7,3,3,,16.2,10.2,22.2,54.1,336,264,409,35.5,34.0,36.5,31.5,13.7,1074,1563,585,62.6,414,316,512,38.3,20.45,23.76,17.14,27.9
Dragonite,,slj,2024-11-04,12:21:41,116.2,3,3,,31.3,41.0,21.6,47.3,278,376,180,52.1,25.4,22.1,28.6,22.7,1598,2110,1085,48.6,348,473,223,52.9,22.76,31.5,14.03,55.5
Sylveon,,slj,2025-11-03,11:05:45,79.4,3,3,,31.7,38.5,24.9,35.3,397,479,315,34.2,26.1,26.2,26.0,0.8,1484,1610,1358,15.7,544,536,552,2.9,20.44,13.87,27.02,48.7
Greninja,,slj,2024-09-15,08:57:29,69.0,3,3,,20.9,26.1,15.7,39.8,396,384,409,6.1,13.4,15.4,11.4,26.0,1682,1253,2110,40.6,379,541,217,59.9,22.27,24.7,19.84,19.7
Greninja,,slj,2024-04-04,13:29:52,102.7,3,3,,34.0,43.7,24.3,44.4,343,472,214,54.7,17.2,10.7,23.8,55.0,1438,1451,1424,1.9,240,178,303,41.3,29.84,28.17,31.51,10.6
Eevee,,slj,2024-09-16,15:20:47,86.1,3,3,,23.4,25.8,21.0,18.6,284,201,368,45.4,25.8,27.7,24.0,13.4,1122,575,1669,65.5,506,506,505,0.2,16.61,19.0,14.22,25.2
Machamp,,slj,2025-08-09,11:18:36,105.1,3,3,,39.2,34.5,43.9,21.4,424,411,438,6.2,22.5,8.1,36.9,78.0,899,924,874,5.4,335,233,437,46.7,22.38,26.3,18.46,29.8
Jigglypuff,,slj,2024-04-17,12:31:31,98.9,3,3,,39.2,40.5,37.9,6.4,366,273,459,40.5,27.9,32.7,23.1,29.4,1316,1580,1052,33.4,426,469,384,18.1,16.67,18.16,15.18,16.4
Gengar,,slj,2024-08-09,17:04:32,77.3,3,3,,26.4,26.0,26.8,3.0,448,452,443,2.0,20.2,10.2,30.3,66.3,772,940,605,35.6,418,463,374,19.2,22.44,25.45,19.44,23.6
Gengar,,slj,2024-11-02,08:40:19,91.7,3,3,,32.0,40.3,23.7,41.2,262,214,309,30.7,14.5,9.5,19.5,51.3,1583,1071,2095,48.9,394,287,501,42.7,24.9,20.16,29.63,32.0
Alakazam,,slj,2025-07-24,17:40:22,96.2,3,3,,24.6,13.5,35.7,62.2,404,302,506,40.3,34.0,28.0,40.0,30.0,1730,1628,1833,11.2,349,181,517,65.0,24.68,29.08,20.28,30.3
Squirtle,,slj,2025-11-06,06:48:29,113.6,3,3,,46.9,54.1,39.7,26.6,306,448,165,63.2,22.5,18.3,26.7,31.5,1258,662,1854,64.3,466,389,543,28.4,29.4,31.25,27.54,11.9
Mewtwo,,slj,2024-05-10,12:53:26,68.4,3,3,,15.2,13.2,17.3,23.7,316,380,252,33.7,24.8,27.5,22.1,19.6,1303,487,2119,77.0,384,288,479,39.9,18.82,15.28,22.36,31.7
Umbreon,,slj,2025-09-24,09:09:29,89.8,3,3,,28.6,12.7,44.5,71.5,428,362,494,26.7,17.6,17.8,17.5,1.7,1286,1314,1257,4.3,492,555,428,22.9,24.02,30.88,17.17,44.4
Charizard,,slj,2025-06-16,18:07:55,72.0,3,3,,20.6,25.7,15.6,39.3,382,309,454,31.9,25.8,21.8,29.9,27.1,1260,2099,421,79.9,316,289,343,15.7,16.46,20.39,12.54,38.5
Sylveon,,slj,2025-07-24,19:09:41,71.9,3,3,,32.8,44.9,20.8,53.7,226,224,227,1.3,28.0,16.3,39.6,58.8,864,615,1112,44.7,386,455,316,30.5,15.32,12.66,17.98,29.6
Gengar,,slj,2024-01-03,14:36:57,110.6,3,3,,33.2,34.5,31.8,7.8,370,247,493,49.9,15.4,22.6,8.1,64.2,748,727,768,5.3,336,228,443,48.5,29.7,30.83,28.57,7.3
Mewtwo,,slj,2024-09-03,09:56:57,100.9,3,3,,39.4,45.7,33.2,27.4,300,197,403,51.1,32.6,28.3,37.0,23.5,840,582,1099,47.0,266,209,323,35.3,20.96,19.38,22.54,14.0
Bulbasaur,,slj,2025-04-16,17:56:20,85.5,3,3,,15.6,11.7,19.6,40.3,330,176,483,63.6,20.0,25.6,14.5,43.4,1456,1639,1273,22.3,344,500,189,62.2,19.57,20.42,18.71,8.4
Snorlax,,slj,2024-02-06,19:13:56,91.2,3,3,,28.3,12.8,43.8,70.8,298,178,419,57.5,16.2,8.4,23.9,64.9,1376,663,2090,68.3,350,477,222,53.5,24.0,22.42,25.58,12.4
Sylveon,,slj,2025-11-22,15:41:12,95.8,3,3,,43.8,39.5,48.1,17.9,432,491,373,24.0,17.4,21.9,12.9,41.1,999,582,1416,58.9,472,462,481,4.0,16.81,16.56,17.07,3.0
Eevee,,slj,2024-09-17,14:51:31,104.2,3,3,,42.4,50.2,34.5,31.3,258,171,344,50.3,20.6,20.3,21.0,3.3,908,1248,569,54.4,484,433,536,19.2,25.86,22.57,29.16,22.6
Pikachu,,slj,2025-06-10,17:13:57,79.7,3,3,,38.2,47.3,29.1,38.5,344,370,319,13.8,25.0,31.1,18.8,39.5,1638,1482,1794,17.4,341,170,512,66.8,15.89,14.16,17.62,19.6
Pikachu,,slj,2024-09-16,08:41:43,77.2,3,3,,26.2,28.2,24.2,14.2,325,187,463,59.6,37.2,35.2,39.1,10.0,1606,1093,2118,48.4,382,338,427,20.8,21.8,13.65,29.94,54.4
Eevee,,slj,2024-01-21,18:53:22,113.0,3,3,,37.8,53.7,21.9,59.2,478,463,492,5.9,22.8,16.7,28.8,42.0,1123,474,1772,73.3,401,337,465,27.5,24.85,25.19,24.51,2.7
Gengar,,slj,2025-01-08,08:12:47,94.2,3,3,,24.3,20.8,27.8,25.2,441,363,519,30.1,31.4,37.1,25.6,31.0,1778,2197,1358,38.2,316,322,310,3.7,22.88,30.8,14.95,51.5
Umbreon,,slj,2024-01-15,18:32:52,101.1,3,3,,45.8,51.0,40.6,20.4,210,259,160,38.2,24.6,35.5,13.7,61.4,1053,922,1184,22.1,254,236,272,13.2,19.93,14.08,25.78,45.4
Snorlax,,slj,2025-03-08,07:07:34,93.0,3,3,,37.7,41.8,33.6,19.6,248,300,197,34.3,17.8,13.7,21.9,37.4,1464,1535,1394,9.2,484,445,524,15.1,14.44,12.2,16.68,26.9
Garchomp,,slj,2024-01-15,18:34:00,96.9,3,3,,40.0,33.5,46.4,27.8,268,237,299,20.7,19.2,22.6,15.8,30.1,1522,1292,1753,26.3,458,468,448,4.3,20.47,20.74,20.2,2.6
Squirtle,,slj,2025-11-03,17:44:34,107.2,3,3,,20.7,15.5,25.9,40.2,272,240,303,20.8,36.6,37.0,36.1,2.4,1456,1643,1270,22.7,452,457,448,2.0,27.9,29.78,26.01,12.7
Squirtle,,slj,2025-03-24,13:06:14,106.3,3,3,,52.0,55.0,49.1,10.7,316,315,317,0.6,30.2,28.8,31.6,8.9,1141,1509,773,48.8,414,308,520,40.8,21.43,15.86,27.0,41.3
Machamp,,slj,2024-04-01,07:57:03,74.4,3,3,,46.8,51.1,42.4,17.0,208,210,205,2.4,16.4,14.7,18.2,19.2,1138,681,1595,57.3,378,244,513,52.4,26.16,21.71,30.61,29.1
Snorlax,,slj,2024-03-29,19:54:49,115.5,3,3,,23.1,25.4,20.8,18.1,302,234,371,36.9,27.9,16.8,39.0,56.9,1662,1268,2055,38.3,510,464,557,16.7,23.92,26.87,20.97,22.0
Sylveon,,slj,2025-12-15,14:17:44,114.9,3,3,,33.4,45.8,21.1,53.9,364,513,214,58.3,19.8,23.7,16.0,32.5,1062,621,1504,58.7,368,181,556,67.4,24.7,27.98,21.43,23.4
Charizard,,slj,2024-08-27,12:10:35,97.4,3,3,,32.6,19.5,45.8,57.4,313,286,340,15.9,22.0,30.5,13.5,55.7,1084,1481,688,53.5,392,490,293,40.2,25.77,22.93,28.61,19.9
Charizard,,slj,2024-08-10,19:01:25,107.3,3,3,,24.6,17.3,32.0,45.9,304,380,228,40.0,13.0,9.7,16.4,40.9,1236,1997,474,76.3,236,275,197,28.4,21.33,25.62,17.04,33.5
Jigglypuff,,slj,2024-06-06,09:16:57,81.1,3,3,,29.8,44.0,15.7,64.3,342,266,418,36.4,24.7,37.6,11.8,68.6,1364,1589,1140,28.3,204,214,195,8.9,20.2,15.08,25.33,40.5
Squirtle,,slj,2025-06-01,17:52:32,74.9,3,3,,38.4,24.3,52.5,53.7,381,275,487,43.5,35.4,32.5,38.4,15.4,1234,1130,1339,15.6,196,172,219,21.5,18.1,23.57,12.62,46.5
Umbreon,,slj,2024-09-26,12:12:34,70.3,3,3,,34.6,32.0,37.3,14.2,304,419,189,54.9,17.4,15.7,19.2,18.2,1618,1888,1347,28.7,474,494,453,8.3,23.7,25.67,21.74,15.3
Mewtwo,,slj,2025-10-04,07:49:43,104.0,3,3,,42.8,51.8,33.9,34.6,384,299,468,36.1,15.6,14.8,16.5,10.3,999,444,1554,71.4,373,353,393,10.2,27.55,30.52,24.58,19.5
Eevee,,slj,2025-11-24,07:02:53,69.9,3,3,,51.4,51.0,51.8,1.5,280,349,211,39.5,31.0,23.1,38.8,40.5,773,627,919,31.8,450,353,546,35.3,17.58,17.81,17.36,2.5
Umbreon,,slj,2025-09-21,08:16:25,90.7,3,3,,32.0,47.3,16.8,64.5,334,174,495,64.8,25.4,24.9,26.0,4.2,1604,1558,1649,5.5,282,218,345,36.8,24.6,31.66,17.54,44.6
Squirtle,,slj,2024-07-25,07:18:27,83.6,3,3,,26.8,27.6,26.1,5.4,366,474,258,45.6,26.8,22.6,30.9,26.9,836,447,1224,63.5,294,406,183,54.9,23.5,29.01,17.99,38.0
Snorlax,,slj,2024-10-07,16:50:21,82.4,3,3,,46.0,46.7,45.2,3.2,361,335,387,13.4,23.0,18.1,27.9,35.1,1423,1496,1350,9.8,398,287,510,43.7,14.87,16.16,13.58,16.0
Dragonite,,slj,2025-09-11,14:00:42,106.4,3,3,,29.7,40.1,19.3,51.9,407,363,451,19.5,26.6,21.0,32.3,35.0,1506,1550,1463,5.6,476,455,497,8.5,23.42,19.96,26.87,25.7
Squirtle,,slj,2025-08-31,15:44:57,102.6,3,3,,43.4,44.4,42.4,4.5,257,213,301,29.2,27.5,37.5,17.5,53.3,2026,2193,1859,15.2,435,521,349,33.0,21.54,27.64,15.45,44.1
Snorlax,,slj,2024-02-27,09:53:24,105.1,3,3,,31.0,30.2,31.9,5.3,315,184,446,58.7,15.6,14.0,17.1,18.1,1630,1525,1734,12.1,228,197,260,24.2,30.01,29.57,30.44,2.9
Machamp,,slj,2024-09-11,14:01:57,70.4,3,3,,32.1,41.4,22.8,44.9,270,286,255,10.8,14.0,13.8,14.2,2.8,1856,1570,2143,26.7,299,251,347,27.7,24.62,18.45,30.8,40.1
Greninja,,slj,2024-09-22,19:49:07,68.6,3,3,,28.2,18.6,37.7,50.7,336,287,384,25.3,23.0,32.9,13.1,60.2,1043,724,1362,46.8,515,540,490,9.3,24.06,24.85,23.26,6.4
Greninja,,slj,2024-05-25,11:43:16,86.9,3,3,,42.7,41.2,44.1,6.6,464,458,470,2.6,34.2,29.6,38.9,23.9,1296,1270,1323,4.0,310,224,395,43.3,23.96,31.6,16.32,48.4
Squirtle,,slj,2025-07-12,14:15:01,77.9,3,3,,19.2,22.1,16.2,26.7,412,500,325,35.0,38.4,37.1,39.8,6.8,954,1340,567,57.7,305,228,382,40.3,17.73,17.2,18.25,5.8
Charizard,,slj,2024-06-22,13:13:59,68.2,3,3,,25.4,16.3,34.5,52.8,316,277,356,22.2,27.2,38.3,16.0,58.2,889,951,827,13.0,475,539,411,23.7,22.96,15.04,30.87,51.3
Bulbasaur,,slj,2024-06-08,09:51:31,109.4,3,3,,30.0,40.9,19.1,53.3,413,480,346,27.9,19.1,14.2,24.0,40.8,1045,609,1481,58.9,372,487,256,47.4,19.3,23.16,15.45,33.3
Mewtwo,,slj,2025-04-24,17:34:09,107.6,3,3,,48.5,42.5,54.5,22.0,232,295,168,43.1,30.2,31.1,29.4,5.5,1677,1621,1733,6.5,344,434,254,41.5,25.63,20.03,31.23,35.9
Bulbasaur,,slj,2024-06-11,12:29:47,112.3,3,3,,23.2,26.7,19.8,25.8,325,304,346,12.1,30.8,39.5,22.0,44.3,868,607,1128,46.2,482,455,510,10.8,24.54,29.28,19.79,32.4
Sylveon,,slj,2024-06-12,19:01:24,92.8,3,3,,33.4,54.6,12.1,77.8,220,249,191,23.3,22.0,16.3,27.8,41.4,1030,1284,776,39.6,313,350,276,21.1,16.2,12.08,20.33,40.6
Charizard,,slj,2024-01-04,13:52:59,74.4,3,3,,36.0,54.7,17.4,68.2,452,463,440,5.0,31.6,26.0,37.2,30.1,1991,2048,1934,5.6,258,224,291,23.0,20.84,21.78,19.9,8.6
Squirtle,,slj,2024-07-11,09:41:20,102.0,3,3,,47.8,50.7,44.9,11.4,426,476,375,21.2,19.5,18.4,20.6,10.7,613,807,419,48.1,328,165,491,66.4,21.61,18.72,24.5,23.6
Dragonite,,slj,2025-01-11,07:17:47,74.5,3,3,,37.6,51.1,24.0,53.0,412,326,498,34.5,35.8,34.8,36.7,5.2,1538,2097,978,53.4,280,368,191,48.1,27.82,26.32,29.33,10.3
Eevee,,slj,2024-07-29,12:42:37,103.4,3,3,,35.0,34.7,35.4,2.0,339,448,230,48.7,28.0,22.9,33.1,30.8,1244,2040,448,78.0,475,448,502,10.8,22.05,13.77,30.33,54.6
Snorlax,,slj,2025-01-21,19:28:01,73.1,3,3,,20.6,26.1,15.1,42.1,311,349,273,21.8,29.0,18.7,39.3,52.4,1018,658,1378,52.2,446,408,485,15.9,27.84,28.0,27.67,1.2
Machamp,,slj,2024-03-25,06:43:20,115.5,3,3,,36.0,18.3,53.6,65.9,314,161,468,65.6,23.2,33.3,13.1,60.7,788,979,597,39.0,281,390,172,55.9,29.62,31.14,28.11,9.7
Alakazam,,slj,2024-10-01,13:01:48,108.6,3,3,,27.4,26.7,28.1,5.0,412,338,485,30.3,29.4,24.3,34.5,29.6,1156,1273,1038,18.5,529,540,518,4.1,22.16,30.71,13.62,55.6
Alakazam,,slj,2025-09-30,18:56:03,98.8,3,3,,38.2,29.0,47.3,38.7,180,198,161,18.7,15.0,19.8,10.1,49.0,1802,1712,1891,9.5,229,270,188,30.4,29.52,30.53,28.51,6.6
Sylveon,,slj,2025-03-12,16:22:00,80.4,3,3,,17.4,18.4,16.5,10.3,192,193,192,0.5,20.4,24.5,16.3,33.5,1170,1009,1331,24.2,509,496,522,5.0,16.11,12.31,19.91,38.2
Jigglypuff,,slj,2024-07-25,15:35:35,65.2,3,3,,22.2,20.8,23.7,12.2,384,517,252,51.3,15.6,17.2,14.0,18.6,1724,1854,1594,14.0,326,404,249,38.4,28.84,31.06,26.61,14.3
Mewtwo,,slj,2025-10-31,13:39:23,72.2,3,3,,36.8,46.8,26.8,42.7,254,210,298,29.5,24.4,38.3,10.5,72.6,1696,1928,1464,24.1,440,346,533,35.1,21.13,19.88,22.38,11.2
Machamp,,slj,2025-06-29,19:39:11,114.8,3,3,,34.7,36.0,33.4,7.2,234,161,308,47.7,25.8,39.2,12.4,68.4,740,721,758,4.9,408,444,372,16.2,27.56,28.99,26.14,9.8
Dragonite,,slj,2024-02-22,13:02:33,87.6,3,3,,37.4,41.7,33.0,20.9,202,218,186,14.7,24.5,9.8,39.2,75.0,1010,983,1038,5.3,254,217,292,25.7,28.39,25.53,31.25,18.3
Lucario,,slj,2025-10-26,12:25:02,107.1,3,3,,26.0,24.0,27.9,14.0,368,341,396,13.9,29.5,28.1,30.9,9.1,1063,1504,622,58.6,219,272,166,39.0,28.4,28.23,28.56,1.2
Greninja,,slj,2025-10-09,15:13:20,101.9,3,3,,27.3,40.3,14.3,64.5,404,351,458,23.4,20.6,32.5,8.8,72.9,1227,1120,1334,16.0,368,482,254,47.3,14.14,15.09,13.18,12.7
Gengar,,slj,2024-07-01,08:02:38,73.6,3,3,,42.7,50.6,34.7,31.4,396,459,334,27.2,19.3,18.7,19.9,6.0,938,481,1396,65.5,374,268,480,44.2,21.62,19.64,23.6,16.8
Umbreon,,slj,2024-04-07,07:05:22,101.6,3,3,,45.0,48.0,42.0,12.5,348,495,201,59.4,21.6,17.1,26.0,34.2,1280,1962,598,69.5,337,450,224,50.2,20.66,25.08,16.24,35.2
Garchomp,,slj,2024-12-21,17:08:44,102.0,3,3,,26.0,16.5,35.4,53.4,507,506,508,0.4,30.4,28.3,32.6,13.2,654,545,764,28.7,389,542,236,56.5,29.46,29.18,29.75,1.9
Gengar,,slj,2025-12-03,13:34:57,116.9,3,3,,16.2,19.6,12.9,34.2,264,176,352,50.0,12.0,9.8,14.2,31.0,926,1005,846,15.8,240,302,179,40.7,15.99,15.92,16.06,0.9
Lucario,,slj,2024-11-24,07:33:26,68.9,3,3,,34.4,37.8,31.1,17.7,442,396,488,18.9,28.2,29.2,27.1,7.2,974,997,951,4.6,372,489,255,47.9,31.44,31.69,31.19,1.6
Gengar,,slj,2025-06-30,13:52:11,81.8,3,3,,38.0,32.1,43.8,26.7,366,238,494,51.8,25.0,34.2,15.8,53.8,1280,1084,1475,26.5,391,510,272,46.7,23.92,18.84,29.01,35.1
Snorlax,,slj,2025-06-07,11:33:01,119.9,3,3,,33.4,48.0,18.7,61.0,376,391,362,7.4,12.4,11.8,13.0,9.2,1394,1583,1205,23.9,388,497,279,43.9,27.09,28.87,25.31,12.3
Eevee,,slj,2025-11-11,10:08:32,71.8,3,3,,50.0,52.3,47.7,8.8,263,181,345,47.5,16.6,11.5,21.6,46.8,1513,1287,1739,26.0,532,539,526,2.4,20.68,29.05,12.32,57.6
Greninja,,slj,2024-03-29,11:15:34,76.6,3,3,,37.4,33.6,41.3,18.6,414,496,332,33.1,34.3,33.3,35.3,5.7,1294,1400,1189,15.1,488,555,422,24.0,22.46,26.97,17.94,33.5
Lucario,,slj,2024-07-31,09:03:55,88.5,3,3,,25.8,32.2,19.4,39.8,442,468,417,10.9,29.5,26.7,32.3,17.3,1292,1496,1087,27.3,390,235,544,56.8,23.48,23.01,23.96,4.0
Eevee,,slj,2024-07-09,12:14:08,65.4,3,3,,38.0,26.2,49.9,47.5,369,512,226,55.9,27.6,31.7,23.4,26.2,1048,712,1385,48.6,248,257,238,7.4,12.56,12.67,12.44,1.8
Lucario,,slj,2024-07-20,06:02:38,102.1,3,3,,46.8,45.3,48.2,6.0,343,497,189,62.0,35.3,36.6,34.0,7.1,1324,1245,1402,11.2,514,527,502,4.7,18.2,13.66,22.74,39.9
Charizard,,slj,2024-10-19,07:34:50,88.5,3,3,,35.6,25.5,45.8,44.3,362,233,492,52.6,29.0,37.8,20.1,46.8,1180,869,1490,41.7,214,240,189,21.2,13.98,12.21,15.76,22.5
Alakazam,,slj,2024-08-17,10:09:38,105.3,3,3,,29.0,37.7,20.4,45.9,389,443,335,24.4,13.8,10.4,17.1,39.2,1006,1539,473,69.3,419,494,344,30.4,25.76,26.89,24.62,8.4
Machamp,,slj,2024-03-21,18:43:49,101.2,3,3,,19.3,12.6,26.0,51.5,200,163,237,31.2,28.4,26.4,30.5,13.4,1030,1213,848,30.1,354,458,249,45.6,18.71,12.71,24.71,48.6
Dragonite,,slj,2024-06-17,15:44:06,70.4,3,3,,41.2,54.2,28.1,48.2,216,242,191,21.1,14.8,8.3,21.3,61.0,1740,1475,2004,26.4,286,287,286,0.3,21.58,21.33,21.84,2.3
Sylveon,,slj,2025-12-12,19:10:28,109.8,3,3,,22.0,33.9,10.1,70.2,472,467,476,1.9,15.0,13.0,16.9,23.1,893,445,1341,66.8,444,403,484,16.7,23.35,23.97,22.73,5.2
Jigglypuff,,slj,2024-07-10,11:28:49,99.8,3,3,,43.6,39.2,48.0,18.3,286,409,162,60.4,24.0,18.8,29.2,35.6,1327,2050,604,70.5,251,206,296,30.4,20.54,23.03,18.06,21.6
Alakazam,,slj,2025-06-05,17:00:21,114.7,3,3,,40.3,50.1,30.5,39.1,313,420,206,51.0,17.0,17.0,16.9,0.6,858,998,718,28.1,480,518,443,14.5,28.53,27.66,29.4,5.9
Garchomp,,slj,2024-04-09,19:29:14,71.4,3,3,,38.2,54.2,22.3,58.9,436,386,485,20.4,24.8,33.5,16.0,52.2,1514,1897,1130,40.4,470,414,526,21.3,28.94,26.89,30.99,13.2
Charizard,,slj,2025-09-25,14:13:49,81.6,3,3,,21.6,17.6,25.6,31.2,314,228,399,42.9,33.3,34.4,32.2,6.4,996,1155,838,27.4,453,387,519,25.4,26.34,26.83,25.86,3.6
Sylveon,,slj,2024-06-11,07:48:51,77.7,3,3,,31.4,23.6,39.3,39.9,368,239,497,51.9,21.2,20.1,22.2,9.5,724,826,622,24.7,298,374,221,40.9,28.32,25.81,30.84,16.3
Greninja,,slj,2025-12-09,13:11:48,78.8,3,3,,51.6,53.5,49.6,7.3,174,175,174,0.6,23.4,11.8,35.0,66.3,707,439,975,55.0,458,391,525,25.5,18.48,19.97,17.0,14.9
Garchomp,,slj,2025-06-09,17:13:02,114.1,3,3,,33.7,23.5,43.9,46.5,360,369,351,4.9,27.6,34.6,20.7,40.2,1034,1000,1068,6.4,393,492,294,40.2,16.37,16.31,16.43,0.7
Pikachu,,slj,2025-09-27,14:33:08,114.4,3,3,,39.6,33.3,45.8,27.3,398,305,491,37.9,20.0,30.3,9.7,68.0,1934,2129,1740,18.3,445,333,557,40.2,26.82,23.6,30.04,21.4
Sylveon,,slj,2025-03-02,16:28:32,78.1,3,3,,25.3,32.5,18.1,44.3,291,177,405,56.3,30.2,21.8,38.5,43.4,1220,1192,1248,4.5,405,316,494,36.0,23.85,23.22,24.49,5.2
Umbreon,,slj,2025-05-27,14:05:59,119.4,3,3,,37.4,45.8,29.0,36.7,430,443,416,6.1,22.2,29.7,14.7,50.5,1556,2043,1068,47.7,383,362,404,10.4,19.53,16.8,22.26,24.5
Pikachu,,slj,2024-12-18,10:43:28,111.5,3,3,,35.2,31.6,38.8,18.6,351,335,367,8.7,24.0,21.4,26.5,19.2,1978,2159,1798,16.7,525,519,531,2.3,16.24,17.88,14.61,18.3
Charizard,,slj,2024-03-15,15:59:48,80.6,3,3,,24.8,16.6,33.1,49.8,249,333,165,50.5,23.4,15.4,31.5,51.1,1076,1649,503,69.5,368,348,389,10.5,20.19,17.64,22.74,22.4
Pikachu,,slj,2025-08-26,10:53:05,106.5,3,3,,34.2,52.3,16.0,69.4,372,489,255,47.9,23.2,21.6,24.7,12.6,2046,2080,2011,3.3,400,278,522,46.7,27.62,24.79,30.46,18.6
Bulbasaur,,slj,2024-09-17,19:35:17,67.7,3,3,,43.2,39.4,47.1,16.3,303,438,168,61.6,21.9,18.7,25.1,25.5,1921,2175,1667,23.4,294,187,402,53.5,23.66,24.42,22.91,6.2
Garchomp,,slj,2025-11-13,11:45:48,65.6,3,3,,26.2,15.3,37.1,58.8,467,493,441,10.5,20.8,12.5,29.2,57.2,1206,823,1588,48.2,250,282,218,22.7,21.72,18.7,24.74,24.4
Gengar,,slj,2024-02-21,19:32:10,102.0,3,3,,42.5,40.1,44.9,10.7,318,273,363,24.8,27.0,23.4,30.5,23.3,1790,2042,1538,24.7,406,299,512,41.6,27.66,27.2,28.11,3.2
Jigglypuff,,slj,2025-04-16,17:16:03,97.3,3,3,,12.6,13.5,11.8,12.6,342,233,450,48.2,26.6,33.5,19.7,41.2,722,925,520,43.8,362,464,259,44.2,14.95,17.73,12.17,31.4
Alakazam,,slj,2025-06-01,06:21:54,105.7,3,3,,49.4,50.9,48.0,5.7,324,353,295,16.4,28.6,30.7,26.5,13.7,1418,1735,1101,36.5,364,310,418,25.8,24.71,19.97,29.45,32.2
Alakazam,,slj,2025-08-15,16:57:57,96.8,3,3,,51.9,53.1,50.7,4.5,331,205,457,55.1,27.6,33.9,21.4,36.9,1841,2064,1618,21.6,252,298,205,31.2,24.32,20.09,28.56,29.7
Squirtle,,slj,2024-03-22,06:55:28,71.7,3,3,,45.4,52.2,38.7,25.9,366,416,315,24.3,26.1,24.3,27.9,12.9,1342,1084,1601,32.3,286,198,373,46.9,17.32,13.96,20.67,32.5
Dragonite,,slj,2024-06-28,08:28:21,104.4,3,3,,21.2,14.7,27.6,46.7,354,226,482,53.1,15.4,22.3,8.6,61.4,532,443,622,28.8,300,169,431,60.8,21.94,22.52,21.36,5.2
Lucario,,slj,2025-10-03,08:40:05,70.3,3,3,,21.6,30.5,12.6,58.7,441,450,432,4.0,24.6,11.7,37.6,68.9,1355,805,1905,57.7,256,343,170,50.4,16.17,16.76,15.58,7.0
Bulbasaur,,slj,2025-03-04,14:54:51,72.8,3,3,,30.9,49.2,12.6,74.4,397,387,407,4.9,29.1,39.0,19.2,50.8,1194,1568,819,47.8,379,277,481,42.4,17.45,22.75,12.16,46.5
Garchomp,,slj,2024-01-08,15:26:44,70.8,3,3,,31.5,26.0,37.0,29.7,340,196,485,59.6,24.9,32.6,17.2,47.2,805,838,772,7.9,404,558,250,55.2,22.17,19.3,25.04,22.9
Eevee,,slj,2025-09-30,19:01:50,75.8,3,3,,38.3,32.8,43.9,25.3,385,341,429,20.5,11.6,14.1,9.1,35.5,1391,836,1946,57.0,240,212,268,20.9,17.98,13.34,22.61,41.0
Charizard,,slj,2025-05-25,14:34:05,83.0,3,3,,28.8,26.0,31.6,17.7,294,397,190,52.1,16.0,17.5,14.5,17.1,1506,1573,1438,8.6,339,432,246,43.1,12.61,12.45,12.78,2.6
Eevee,,slj,2024-03-26,10:48:55,84.6,3,3,,40.0,49.9,30.1,39.7,295,226,364,37.9,31.8,28.8,34.7,17.0,698,525,871,39.7,488,476,500,4.8,25.06,18.27,31.86,42.7
Sylveon,,slj,2025-07-01,06:08:23,108.4,3,3,,37.7,39.8,35.6,10.6,384,297,470,36.8,19.9,30.8,9.0,70.8,1348,1702,995,41.5,340,185,494,62.6,28.52,26.38,30.67,14.0
Alakazam,,slj,2024-08-20,19:00:46,99.9,3,3,,36.0,37.7,34.4,8.8,350,356,343,3.7,13.8,15.5,12.0,22.6,1270,1167,1372,14.9,386,468,305,34.8,23.66,25.21,22.11,12.3
Lucario,,slj,2025-08-19,10:18:58,110.4,3,3,,24.3,25.1,23.5,6.4,414,499,329,34.1,28.3,22.0,34.6,36.4,1797,1622,1972,17.7,350,171,529,67.7,24.72,19.28,30.16,36.1
Pikachu,,slj,2025-12-01,16:30:48,117.5,3,3,,30.8,43.3,18.3,57.7,397,316,478,33.9,19.2,16.2,22.2,27.0,1048,1510,586,61.2,266,356,177,50.3,22.64,18.23,27.04,32.6
Dragonite,,slj,2025-12-11,09:36:04,99.3,3,3,,23.4,13.1,33.7,61.1,393,514,272,47.1,24.8,36.4,13.3,63.5,1555,1322,1788,26.1,348,499,197,60.5,25.08,24.91,25.24,1.3
Charizard,,slj,2024-10-27,14:52:56,69.4,3,3,,15.6,13.6,17.6,22.7,316,222,409,45.7,19.2,29.4,9.0,69.4,1744,1414,2074,31.8,360,389,332,14.7,19.87,15.0,24.74,39.4
Gengar,,slj,2024-11-04,08:00:37,76.6,3,3,,28.0,39.8,16.2,59.3,307,377,237,37.1,19.1,17.6,20.6,14.6,1853,2007,1699,15.3,414,524,305,41.8,24.72,24.14,25.3,4.6
Machamp,,slj,2025-06-20,15:39:09,68.7,3,3,,34.0,53.4,14.6,72.7,342,404,280,30.7,29.0,25.2,32.8,23.2,1910,1794,2025,11.4,412,527,296,43.8,28.14,25.7,30.59,16.0
Lucario,,slj,2025-10-17,06:12:21,73.2,3,3,,21.7,10.6,32.7,67.6,286,376,195,48.1,22.2,10.9,33.6,67.6,900,1140,659,42.2,382,545,220,59.6,20.02,20.5,19.53,4.7
Charizard,,slj,2025-02-14,07:11:01,113.5,3,3,,30.7,42.5,18.9,55.5,296,383,208,45.7,18.6,17.5,19.6,10.7,1610,1136,2083,45.5,332,180,483,62.7,26.44,24.51,28.38,13.6
Greninja,,slj,2025-07-24,10:12:17,87.9,3,3,,17.2,10.8,23.5,54.0,362,233,490,52.4,34.8,39.6,30.0,24.2,1017,893,1141,21.7,502,552,452,18.1,23.02,18.55,27.49,32.5
Squirtle,,slj,2024-02-08,14:49:56,115.3,3,3,,21.0,22.3,19.8,11.2,411,512,310,39.5,32.5,27.9,37.1,24.8,1416,1676,1156,31.0,493,510,476,6.7,28.6,29.65,27.56,7.0
Jigglypuff,,slj,2024-10-23,17:49:14,81.6,3,3,,41.0,40.3,41.7,3.4,272,262,282,7.1,19.7,27.1,12.3,54.6,1184,629,1738,63.8,395,261,529,50.7,26.36,21.85,30.87,29.2
Sylveon,,slj,2025-04-02,12:51:05,106.4,3,3,,41.3,30.1,52.5,42.7,413,331,495,33.1,24.9,32.8,17.0,48.2,1650,1918,1383,27.9,406,470,341,27.4,23.47,28.04,18.9,32.6
Alakazam,,slj,2025-07-14,13:40:00,81.2,3,3,,39.0,34.7,43.4,20.0,448,501,396,21.0,30.9,36.8,25.0,32.1,1852,2073,1631,21.3,368,346,389,11.1,17.84,17.21,18.48,6.9
Umbreon,,slj,2024-03-23,17:09:25,96.3,3,3,,25.1,20.0,30.2,33.8,274,218,330,33.9,27.4,39.2,15.6,60.2,1758,2099,1416,32.5,222,216,229,5.7,23.72,26.84,20.6,23.2
Snorlax,,slj,2025-02-11,06:19:45,82.7,3,3,,23.8,34.2,13.4,60.8,400,407,393,3.4,13.0,11.8,14.2,16.9,753,774,732,5.4,286,298,274,8.1,25.88,22.75,29.0,21.6
Alakazam,,slj,2024-01-15,08:08:53,104.5,3,3,,16.8,20.9,12.6,39.7,214,251,176,29.9,13.6,8.1,19.0,57.4,1278,1658,899,45.8,322,245,399,38.6,26.39,29.89,22.89,23.4
Pikachu,,slj,2024-03-21,17:33:25,65.7,3,3,,33.7,22.7,44.7,49.2,327,184,470,60.9,25.2,27.7,22.7,18.1,1548,1602,1495,6.7,281,219,343,36.2,22.66,20.54,24.78,17.1
Charizard,,slj,2025-12-15,08:20:21,81.0,3,3,,34.6,24.3,45.0,46.0,367,282,452,37.6,22.2,11.8,32.7,63.9,968,1055,882,16.4,340,396,283,28.5,25.6,24.88,26.32,5.5
Eevee,,slj,2024-02-14,14:11:41,66.6,3,3,,37.7,41.3,34.1,17.4,432,397,468,15.2,21.9,25.9,17.9,30.9,856,943,769,18.5,350,303,397,23.7,21.53,30.34,12.72,58.1
Alakazam,,slj,2024-06-08,19:09:57,111.8,3,3,,18.6,19.2,18.1,5.7,288,308,269,12.7,22.0,32.5,11.5,64.6,1390,1363,1418,3.9,250,216,285,24.2,26.18,24.71,27.66,10.7
Garchomp,,slj,2025-06-22,19:56:30,120.0,3,3,,24.4,34.9,13.9,60.2,388,463,314,32.2,25.0,18.8,31.3,39.9,1856,1908,1805,5.4,443,450,436,3.1,20.47,15.83,25.11,37.0
Mewtwo,,slj,2025-05-18,12:59:43,76.5,3,3,,35.2,37.6,32.7,13.0,322,260,384,32.3,37.8,39.2,36.3,7.4,1568,1686,1449,14.1,337,463,211,54.4,22.8,22.72,22.87,0.7
Garchomp,,slj,2024-04-17,10:44:55,94.7,3,3,,48.7,44.6,52.8,15.5,296,234,358,34.6,20.2,9.3,31.2,70.2,1810,2030,1589,21.7,369,494,244,50.6,20.77,27.29,14.25,47.8
Garchomp,,slj,2025-04-06,10:47:46,118.6,3,3,,42.4,38.2,46.6,18.0,391,274,508,46.1,28.8,35.3,22.4,36.5,1208,1829,588,67.9,432,558,307,45.0,17.05,14.55,19.55,25.6
Dragonite,,slj,2025-11-10,06:51:48,77.4,3,3,,36.2,32.0,40.3,20.6,447,387,507,23.7,30.4,33.1,27.7,16.3,2036,1895,2176,12.9,299,167,431,61.3,19.89,26.95,12.83,52.4
Machamp,,slj,2024-04-27,18:28:54,107.6,3,3,,21.1,13.5,28.7,53.0,310,352,269,23.6,18.8,14.6,22.9,36.2,1343,507,2179,76.7,330,173,488,64.5,23.02,18.72,27.31,31.5
Pikachu,,slj,2025-05-14,07:05:13,116.3,3,3,,31.2,16.1,46.2,65.2,420,490,351,28.4,22.6,17.9,27.4,34.7,1433,1796,1070,40.4,283,386,180,53.4,24.12,20.73,27.52,24.7
Garchomp,,slj,2024-07-23,11:46:32,67.4,3,3,,33.6,21.5,45.7,53.0,280,267,294,9.2,20.2,19.5,20.9,6.7,1002,1366,638,53.3,470,505,435,13.9,19.06,17.15,20.98,18.3
Umbreon,,slj,2025-04-25,06:00:45,101.2,3,3,,29.0,35.3,22.7,35.7,411,488,334,31.6,27.7,34.8,20.6,40.8,1806,1967,1646,16.3,324,391,257,34.3,22.53,25.56,19.5,23.7
Jigglypuff,,slj,2025-05-11,12:59:34,78.2,3,3,,28.4,27.9,28.9,3.5,274,174,373,53.4,22.5,18.5,26.5,30.2,1860,2126,1593,25.1,460,555,365,34.2,22.76,31.23,14.29,54.2
Squirtle,,slj,2025-05-30,15:17:39,88.4,3,3,,25.5,16.8,34.2,50.9,230,176,285,38.2,18.5,19.2,17.9,6.8,1086,919,1252,26.6,302,215,388,44.6,24.66,25.15,24.17,3.9
Eevee,,slj,2024-02-01,19:46:49,100.8,3,3,,14.4,13.0,15.9,18.2,314,264,363,27.3,22.2,34.1,10.4,69.5,1668,2017,1318,34.7,404,280,527,46.9,17.12,21.04,13.2,37.3
Gengar,,slj,2024-02-05,19:25:25,108.3,3,3,,33.9,14.8,53.0,72.1,248,215,281,23.5,26.4,33.4,19.3,42.2,508,541,475,12.2,429,396,462,14.3,28.9,29.08,28.73,1.2
Lucario,,slj,2025-08-31,08:30:16,117.7,3,3,,35.2,36.9,33.4,9.5,276,374,179,52.1,18.2,14.0,22.5,37.8,1490,1992,987,50.5,254,325,182,44.0,21.62,12.19,31.05,60.7
Sylveon,,slj,2025-10-02,12:53:59,111.8,3,3,,28.4,33.5,23.3,30.4,376,505,246,51.3,32.7,31.2,34.2,8.8,588,668,508,24.0,309,300,318,5.7,23.44,29.05,17.82,38.7
Bulbasaur,,slj,2025-10-31,08:52:39,91.9,3,3,,21.2,19.9,22.6,11.9,264,299,228,23.7,20.0,23.4,16.6,29.1,1414,716,2113,66.1,343,221,465,52.5,28.78,28.41,29.16,2.6
Mewtwo,,slj,2025-07-09,14:43:15,73.5,3,3,,32.1,17.7,46.5,61.9,330,312,349,10.6,30.2,32.9,27.6,16.1,990,1046,934,10.7,314,167,460,63.7,20.55,20.16,20.94,3.7
Umbreon,,slj,2024-04-29,15:09:38,92.1,3,3,,33.8,33.7,33.9,0.6,358,445,270,39.3,24.2,13.1,35.3,62.9,1934,1865,2003,6.9,470,441,499,11.6,23.32,17.18,29.47,41.7
Squirtle,,slj,2025-09-07,14:19:35,116.7,3,3,,33.6,39.6,27.6,30.3,252,295,209,29.2,36.2,35.5,36.9,3.8,1552,1380,1725,20.0,502,480,525,8.6,26.39,22.02,30.76,28.4
Dragonite,,slj,2024-01-11,13:45:31,95.4,3,3,,40.1,45.6,34.6,24.1,284,398,169,57.5,22.6,25.6,19.7,23.0,1344,2184,505,76.9,314,323,304,5.9,23.52,20.54,26.51,22.5
Eevee,,slj,2025-06-20,11:01:54,79.7,3,3,,52.0,50.3,53.8,6.5,390,370,410,9.8,17.5,23.2,11.8,49.1,1520,1010,2030,50.2,300,166,433,61.7,21.56,29.91,13.21,55.8
Mewtwo,,slj,2024-03-07,18:54:08,116.1,3,3,,21.0,14.7,27.3,46.2,374,333,415,19.8,18.1,22.4,13.8,38.4,1388,1503,1274,15.2,424,343,506,32.2,22.82,29.07,16.56,43.0
Gengar,,slj,2024-01-06,18:50:36,74.5,3,3,,28.6,33.9,23.4,31.0,466,479,454,5.2,25.7,30.1,21.3,29.2,1837,2194,1480,32.5,409,502,316,37.1,23.9,26.56,21.24,20.0
Bulbasaur,,slj,2024-01-20,10:24:48,70.9,3,3,,34.3,27.3,41.3,33.9,420,491,348,29.1,24.8,32.1,17.5,45.5,1409,1129,1689,33.2,361,544,178,67.3,28.59,27.64,29.54,6.4
Dragonite,,slj,2024-10-01,07:33:03,111.3,3,3,,19.3,25.9,12.7,51.0,382,292,472,38.1,25.5,21.3,29.6,28.0,724,556,893,37.7,533,508,558,9.0,17.81,19.82,15.8,20.3
Machamp,,slj,2024-08-18,17:39:23,78.9,3,3,,25.2,10.6,39.8,73.4,277,387,167,56.8,21.8,32.2,11.5,64.3,754,889,620,30.3,372,504,239,52.6,23.92,21.69,26.14,17.0
Bulbasaur,,slj,2024-04-20,15:28:54,85.9,3,3,,18.1,14.9,21.3,30.0,402,287,518,44.6,19.2,13.9,24.4,43.0,934,1056,813,23.0,360,511,210,58.9,18.13,14.28,21.98,35.0
Lucario,,slj,2025-10-18,09:07:13,103.0,3,3,,44.3,48.0,40.6,15.4,309,389,229,41.1,20.6,28.5,12.8,55.1,808,642,974,34.1,459,496,422,14.9,23.81,22.83,24.79,7.9
Mewtwo,,slj,2024-06-19,14:38:29,73.7,3,3,,35.0,38.5,31.4,18.4,326,234,417,43.9,34.8,29.9,39.7,24.7,894,636,1152,44.8,404,376,433,13.2,13.72,14.44,13.0,10.0
Alakazam,,slj,2025-04-22,18:55:21,79.0,3,3,,34.4,36.4,32.5,10.7,306,363,248,31.7,34.8,34.2,35.5,3.7,1277,1735,819,52.8,338,350,325,7.1,18.27,17.87,18.67,4.3
Eevee,,slj,2024-09-14,18:29:48,92.0,3,3,,25.2,27.3,23.1,15.4,454,415,492,15.7,18.8,17.4,20.1,13.4,1491,1527,1455,4.7,164,160,167,4.2,19.17,13.94,24.4,42.9
Bulbasaur,,slj,2025-02-20,17:13:32,76.5,3,3,,37.6,39.8,35.3,11.3,413,508,318,37.4,13.2,12.8,13.5,5.2,517,624,410,34.3,350,314,386,18.7,25.9,29.58,22.23,24.8
Mewtwo,,slj,2025-02-09,16:05:20,115.3,3,3,,29.4,32.5,26.4,18.8,450,468,432,7.7,19.9,20.7,19.1,7.7,1750,1794,1705,5.0,524,521,528,1.3,18.45,21.48,15.42,28.2
Sylveon,,slj,2025-02-08,06:31:26,77.6,3,3,,35.3,51.6,19.0,63.2,298,236,360,34.4,17.0,8.6,25.5,66.3,1941,2069,1813,12.4,532,516,547,5.7,18.42,22.45,14.38,35.9
Eevee,,slj,2024-05-26,06:29:54,86.4,3,3,,15.8,18.1,13.4,26.0,418,351,486,27.8,17.6,27.0,8.3,69.3,1127,1171,1083,7.5,320,211,430,50.9,23.86,20.79,26.92,22.8
Machamp,,slj,2024-12-05,18:54:59,90.1,3,3,,36.8,42.0,31.7,24.5,342,331,353,6.2,26.0,19.9,32.2,38.2,544,614,474,22.8,226,164,289,43.3,22.1,25.29,18.9,25.3
Lucario,,slj,2025-11-30,12:20:31,115.7,3,3,,47.8,45.0,50.5,10.9,258,326,189,42.0,22.7,33.2,12.1,63.6,874,427,1320,67.7,346,529,162,69.4,22.09,31.71,12.47,60.7
Umbreon,,slj,2025-02-21,09:24:51,96.8,3,3,,16.2,17.0,15.3,10.0,274,328,220,32.9,26.8,17.4,36.3,52.1,1004,975,1032,5.5,350,309,392,21.2,21.06,27.36,14.76,46.1
Lucario,,slj,2024-02-27,17:03:07,70.8,3,3,,35.3,29.5,41.1,28.2,351,491,211,57.0,29.7,32.5,26.9,17.2,1948,1899,1997,4.9,382,422,343,18.7,19.69,22.89,16.49,28.0
Bulbasaur,,slj,2025-08-01,18:24:40,71.7,3,3,,29.2,27.3,31.2,12.5,200,237,163,31.2,15.9,19.7,12.1,38.6,1250,690,1809,61.9,298,335,260,22.4,21.26,17.59,24.94,29.5
Alakazam,,slj,2025-08-07,06:54:42,85.3,3,3,,26.2,29.5,23.0,22.0,404,365,443,17.6,13.4,13.2,13.7,3.6,1190,602,1778,66.1,299,218,380,42.6,28.66,28.31,29.0,2.4
Eevee,,slj,2025-07-30,06:37:07,83.6,3,3,,46.8,48.9,44.8,8.4,372,516,229,55.6,26.7,39.8,13.6,65.8,2016,2082,1951,6.3,467,427,507,15.8,23.54,21.62,25.45,15.0
Garchomp,,slj,2025-12-12,06:27:00,78.8,3,3,,30.9,32.1,29.7,7.5,418,519,317,38.9,11.9,8.3,15.5,46.5,1726,1699,1754,3.1,258,299,217,27.4,26.74,27.48,26.01,5.3
Mewtwo,,slj,2024-03-25,07:01:08,68.6,3,3,,30.9,24.8,37.0,33.0,446,418,473,11.6,9.1,9.4,8.8,6.4,1408,1730,1085,37.3,386,509,263,48.3,18.54,22.98,14.09,38.7
Sylveon,,slj,2024-11-11,13:49:46,116.8,3,3,,28.0,39.7,16.2,59.2,311,385,237,38.4,28.2,33.3,23.1,30.6,1086,1058,1113,4.9,360,549,171,68.9,26.88,25.81,27.96,7.7
Snorlax,,slj,2025-10-06,12:26:47,87.8,3,3,,41.1,48.5,33.7,30.5,366,406,325,20.0,31.4,36.2,26.5,26.8,1271,743,1799,58.7,366,236,497,52.5,27.49,29.96,25.02,16.5
Umbreon,,slj,2024-07-04,16:14:06,91.4,3,3,,33.2,18.9,47.5,60.2,310,263,357,26.3,24.8,30.8,18.9,38.6,1455,1649,1261,23.5,292,363,221,39.1,18.05,21.51,14.58,32.2
Greninja,,slj,2024-03-15,18:06:30,90.0,3,3,,16.2,17.1,15.4,9.9,273,170,376,54.8,21.6,22.1,21.1,4.5,1301,1724,878,49.1,400,499,300,39.9,16.98,13.12,20.85,37.1
Squirtle,,slj,2024-02-05,14:44:01,88.4,3,3,,40.4,31.6,49.1,35.6,220,249,191,23.3,31.1,39.5,22.7,42.5,1088,1731,445,74.3,306,423,188,55.6,20.82,19.65,21.99,10.6
Charizard,,slj,2024-12-28,18:19:03,78.0,3,3,,15.1,12.7,17.5,27.4,418,407,428,4.9,26.8,23.5,30.0,21.7,1613,1607,1619,0.7,356,505,208,58.8,22.16,17.3,27.03,36.0
Squirtle,,slj,2024-04-18,13:04:51,110.9,3,3,,27.2,38.6,15.8,59.1,335,426,244,42.7,23.8,34.1,13.5,60.4,1798,1984,1611,18.8,409,262,556,52.9,29.32,31.13,27.52,11.6
Charizard,,slj,2025-10-13,08:01:04,71.0,3,3,,52.2,53.5,51.0,4.7,257,328,186,43.3,16.4,19.3,13.4,30.6,1208,763,1652,53.8,262,255,268,4.9,25.14,20.62,29.66,30.5
Squirtle,,slj,2024-11-23,09:46:31,93.0,3,3,,50.8,46.8,54.9,14.8,263,282,244,13.5,18.6,28.4,8.8,69.0,1147,534,1760,69.7,502,508,497,2.2,26.44,22.77,30.11,24.4
Gengar,,slj,2024-10-23,11:32:17,68.2,3,3,,28.6,33.4,23.9,28.4,452,464,441,5.0,22.2,9.3,35.0,73.4,1221,405,2037,80.1,266,227,304,25.3,23.52,16.99,30.04,43.4
Gengar,,slj,2024-06-28,12:36:32,80.8,3,3,,20.5,19.7,21.3,7.5,438,503,373,25.8,23.0,14.6,31.3,53.4,1320,490,2150,77.2,318,198,437,54.7,28.71,31.87,25.55,19.8
