Name,Date,Concentric Duration [ms],Concentric Mean Force / BM [N/kg],BW [KG],Jump Height (Imp-Mom) [cm],Concentric Duration [ms]_avg_prev,Concentric Mean Force / BM [N/kg]_avg_prev,BW [KG]_avg_prev,Jump Height (Imp-Mom) [cm]_avg_prev,Concentric Duration [ms]_z,Concentric Mean Force / BM [N/kg]_z,BW [KG]_z,Jump Height (Imp-Mom) [cm]_z,Concentric Duration [ms]_class,Concentric Mean Force / BM [N/kg]_class,BW [KG]_class,Jump Height (Imp-Mom) [cm]_class,Generation_Class
Alakazam,2024-04-18,261.0,34.77,108.9,68.2,,,,,0.0,0.0,0.0,0.0,Avg,Avg,Avg,Avg,Avg
Alakazam,2024-05-10,195.0,28.74,104.9,32.8,261.0,34.8,108.9,68.2,0.0,0.0,0.0,0.0,Avg,Avg,Avg,Avg,Avg
Alakazam,2024-10-03,324.0,21.8,108.3,21.2,228.0,31.8,106.9,50.5,2.05703790890632,-2.334742290783441,0.49497474683058024,-1.1705213948455278,High,Low,Avg,Low,Low
Alakazam,2024-10-23,182.0,22.13,86.9,20.1,260.0,28.4,107.4,40.7,-1.209193335240443,-0.9717037359410404,-9.487789367756603,-0.842736306683572,Low,Avg,Low,Avg,High
Alakazam,2025-01-20,306.0,26.16,82.2,50.3,240.5,26.9,102.2,35.6,0.9994468784601785,-0.11351566941959954,-1.9308920749298086,0.654561360083636,Avg,Avg,Low,Avg,Avg
Alakazam,2025-05-08,342.0,27.26,118.9,27.5,253.6,26.7,98.2,38.5,1.384074420265571,0.10094295569803534,1.6268826109430647,-0.5358633108928009,High,Avg,High,Avg,Low
Alakazam,2025-10-07,253.0,33.36,110.3,26.5,268.3,26.8,101.7,36.7,-0.22692114406197586,1.3674708909336155,0.6090564088782388,-0.5377751917083881,Avg,High,Avg,Avg,High
Alakazam,2025-11-09,286.0,30.97,95.7,45.4,266.1,27.7,102.9,35.2,0.3205068638958359,0.6416831608638318,-0.5416450539357289,0.5743493341298551,Avg,Avg,Avg,Avg,Avg
Alakazam,2025-11-09,451.0,24.2,88.6,22.8,268.6,28.1,102.0,36.5,3.1559519820818656,-0.8244368680833193,-1.0651414651318443,-0.8161787847203444,High,Avg,Low,Avg,Low
Alakazam,2025-11-10,454.0,19.78,106.6,43.6,288.9,27.7,100.5,35.0,2.0296711517371175,-1.6982042116056084,0.4824059421916499,0.5272870221166802,High,Low,Avg,Avg,Low
Alakazam,2025-11-18,161.0,22.27,85.0,64.3,305.4,26.9,101.1,35.8,-1.5563373197106671,-0.91716984186021,-1.3404992738991492,1.8178206558519543,Low,Avg,Low,High,High
Bulbasaur,2024-02-04,282.0,15.78,110.1,50.8,,,,,0.0,0.0,0.0,0.0,Avg,Avg,Avg,Avg,Avg
Bulbasaur,2024-04-03,190.0,15.92,88.1,28.6,282.0,15.8,110.1,50.8,0.0,0.0,0.0,0.0,Avg,Avg,Avg,Avg,Avg
Bulbasaur,2024-04-15,196.0,34.39,111.3,25.7,236.0,15.8,99.1,39.7,-0.6148754619013457,187.2822817599791,0.7842457027705347,-0.8918463906857359,Avg,High,Avg,Avg,High
Bulbasaur,2024-05-04,312.0,25.85,83.6,35.7,222.7,22.0,103.2,35.0,1.73558240006195,0.3568658365958582,-1.4979949956462972,0.048551555730715415,High,Avg,Low,Avg,Low
Bulbasaur,2024-09-29,408.0,19.76,96.9,62.7,245.0,23.0,98.3,35.2,2.6577657044075558,-0.36048448606516975,-0.09500718888754367,2.451776432130237,High,Avg,Avg,High,Low
Bulbasaur,2024-12-01,380.0,18.26,67.5,35.6,277.6,22.3,98.0,40.7,1.135341509943253,-0.517712931705353,-2.4305296623525896,-0.32542549502839907,High,Avg,Low,Avg,Low
Bulbasaur,2025-02-03,217.0,16.42,79.1,48.6,294.7,21.7,92.9,39.8,-0.8547986984474504,-0.7234629851050005,-0.824207322193957,0.6174554850551406,Avg,Avg,Avg,Avg,Avg
Bulbasaur,2025-03-02,194.0,31.22,112.7,50.0,283.6,20.9,90.9,41.1,-1.018035570128395,1.4935356096697416,1.345566503439459,0.6665466867818028,Low,High,High,Avg,High
Bulbasaur,2025-05-07,191.0,28.93,82.5,61.5,272.4,22.2,93.7,42.2,-0.9310940675368468,0.9148459678761504,-0.6632206382346992,1.5120202793451296,Avg,Avg,Avg,High,Avg
Bulbasaur,2025-06-05,301.0,22.97,91.1,20.4,263.3,22.9,92.4,44.4,0.43729769288331344,0.003070323514777891,-0.08173249455065419,-1.7674069773004184,Avg,Avg,Avg,Low,Avg
Bulbasaur,2025-07-01,432.0,34.81,105.4,59.2,267.1,23.0,92.3,42.0,2.0090692330501625,1.7380304161946567,0.8592234580412276,1.1605097050057576,High,High,Avg,High,High
Bulbasaur,2025-09-11,332.0,30.4,66.7,17.1,282.1,24.0,93.5,43.5,0.5402261263700167,0.8615659834100292,-1.7848611327016353,-1.7593249059317109,Avg,Avg,Low,Low,Avg
Bulbasaur,2025-09-17,393.0,26.4,111.8,32.4,286.2,24.6,91.2,41.3,1.1959892861082173,0.2526047138639582,1.263679832921735,-0.549998640637763,High,Avg,High,Avg,Low
Bulbasaur,2025-10-02,178.0,23.57,86.9,38.8,294.5,24.7,92.8,40.6,-1.2877182368271112,-0.1616350739237287,-0.35770346695806665,-0.11685810742748325,Low,Avg,Avg,Avg,High
Bulbasaur,2025-11-12,398.0,26.06,79.0,31.2,286.1,24.6,92.4,40.5,1.2119034237175974,0.21402604050763457,-0.8375100095993716,-0.6154211176013261,High,Avg,Avg,Avg,Low
Bulbasaur,2025-12-04,373.0,25.33,89.3,28.2,293.6,24.7,91.5,39.9,0.849079586419578,0.09454789701381525,-0.1399987451177581,-0.7912491162816272,Avg,Avg,Avg,Avg,Avg
Charizard,2024-04-13,477.0,30.71,111.6,62.1,,,,,0.0,0.0,0.0,0.0,Avg,Avg,Avg,Avg,Avg
Charizard,2024-05-03,181.0,31.71,105.1,35.2,477.0,30.7,111.6,62.1,0.0,0.0,0.0,0.0,Avg,Avg,Avg,Avg,Avg
Charizard,2024-05-23,457.0,20.16,116.5,22.6,329.0,31.2,108.4,48.7,0.6115518107559329,-15.6270598642227,1.7732062358985743,-1.3695265167219006,Avg,Low,High,Low,Low
Charizard,2024-07-09,487.0,32.06,85.4,15.9,371.7,27.5,111.1,40.0,0.6971953353774382,0.7084126075715741,-4.488213006484212,-1.1927889678752779,Avg,Avg,Low,Low,Avg
Charizard,2024-07-21,234.0,28.44,115.0,28.2,400.5,28.7,104.6,34.0,-1.1337028348973677,-0.0386272165832195,0.7578876197772941,-0.2818480715367716,Low,Avg,Avg,Avg,High
Charizard,2024-08-20,458.0,18.77,93.4,29.3,367.2,28.6,106.7,32.8,0.616089690268003,-1.9957840687226176,-1.048796138962991,-0.19603459923937988,Avg,Low,Low,Avg,Low
Charizard,2025-04-04,380.0,26.37,78.0,32.9,382.3,27.0,104.5,32.2,-0.01703977266463125,-0.10135833550165509,-2.104182137427025,0.042620712415826115,Avg,Avg,Low,Avg,Avg
Charizard,2025-04-21,211.0,33.81,75.7,54.7,382.0,26.9,100.7,32.3,-1.367927045836281,1.2691365808225932,-1.6405199636146792,1.5292626014427095,Low,High,Low,High,High
Charizard,2025-05-03,229.0,27.9,67.2,47.5,360.6,27.8,97.6,35.1,-1.0080537690146254,0.02606555025948979,-1.8241769825863063,0.7893058501155465,Low,Avg,Low,Avg,High
Charizard,2025-05-11,345.0,23.08,103.1,29.8,346.0,27.8,94.2,36.5,-0.007705255649863139,-0.8935546218788211,0.478278542754323,-0.43860990214431117,Avg,Avg,Avg,Avg,Avg
Charizard,2025-07-19,363.0,25.05,78.8,42.3,345.9,27.3,95.1,35.8,0.13975198134109112,-0.4357342906986198,-0.9185013980757647,0.44588844824524176,Avg,Avg,Avg,Avg,Avg
Charizard,2025-08-31,370.0,30.9,79.6,28.4,347.5,27.1,93.6,36.4,0.19403123171159328,0.768774399476576,-0.7992900879722867,-0.5751690922709559,Avg,Avg,Avg,Avg,Avg
Charizard,2025-11-11,392.0,28.04,70.6,51.5,349.3,27.4,92.4,35.7,0.3844586181156031,0.12938270807829308,-1.26999570211816,1.1693157475199836,Avg,Avg,Low,High,Avg
Dragonite,2024-01-07,402.0,17.83,86.8,44.7,,,,,0.0,0.0,0.0,0.0,Avg,Avg,Avg,Avg,Avg
Dragonite,2024-03-13,375.0,26.92,98.2,33.5,402.0,17.8,86.8,44.7,0.0,0.0,0.0,0.0,Avg,Avg,Avg,Avg,Avg
Dragonite,2024-04-13,232.0,22.99,106.6,34.1,388.5,22.4,92.5,39.1,-8.197200833755161,0.09568111560610021,1.7491588797772477,-0.6313453403451316,Low,Avg,High,Avg,High
Dragonite,2024-06-09,181.0,30.11,116.0,44.7,336.3,22.6,97.2,37.4,-1.7002657215377097,1.6517328741812407,1.8917655332323298,1.1533907211511916,Low,High,High,High,High
Dragonite,2024-08-17,174.0,27.8,83.9,48.9,297.5,24.5,101.9,39.2,-1.146849982594858,0.6303835675342577,-1.4495403806638498,1.5322608611133106,Low,Avg,Low,High,High
Dragonite,2024-08-31,351.0,26.33,80.4,66.8,272.8,25.1,98.3,41.2,0.7214900220515528,0.2488643928258513,-1.3325226130426004,3.683681757090547,Avg,Avg,Low,High,Avg
Dragonite,2024-09-09,350.0,33.65,82.7,16.3,285.8,25.3,95.3,45.4,0.6286812439794176,1.9167962967588024,-0.8971675816746371,-2.395346586527817,Avg,High,Avg,Low,High
Dragonite,2024-10-06,401.0,28.85,119.3,22.5,295.0,26.5,93.5,41.3,1.100985540301947,0.4608843291981298,1.8829143110449833,-1.200661925642557,High,Avg,High,Low,Low
Dragonite,2024-12-19,381.0,26.16,94.3,32.8,308.2,26.8,96.7,38.9,0.7523769583878098,-0.1366885291821479,-0.156088876443053,-0.3851444615776445,Avg,Avg,Avg,Avg,Avg
Dragonite,2025-03-21,220.0,25.72,68.3,45.9,316.3,26.7,96.5,38.3,-1.0287303505950922,-0.22853518398548198,-1.9252537726008507,0.5080679955958466,Low,Avg,Low,Avg,High
Dragonite,2025-03-24,276.0,16.75,108.0,54.0,306.7,26.6,93.6,39.0,-0.3287104119741467,-2.3476038803483483,0.8739707125799795,1.040993126223731,Avg,Low,Avg,High,Low
Dragonite,2025-06-26,192.0,26.89,91.3,42.8,303.9,25.7,95.0,40.4,-1.2562094344229024,0.23126412914957242,-0.2260571187928674,0.16816966918981444,Low,Avg,Avg,Avg,High
Dragonite,2025-10-14,483.0,31.5,98.4,22.7,294.6,25.8,94.6,40.6,2.073360903087424,1.1894432545929847,0.24271555794877853,-1.3026907288228076,High,High,Avg,Low,High
Eevee,2024-01-15,309.0,27.08,92.2,56.5,,,,,0.0,0.0,0.0,0.0,Avg,Avg,Avg,Avg,Avg
Eevee,2024-01-15,267.0,17.79,114.9,49.3,309.0,27.1,92.2,56.5,0.0,0.0,0.0,0.0,Avg,Avg,Avg,Avg,Avg
Eevee,2024-04-27,471.0,15.11,66.0,53.3,288.0,22.4,103.6,52.9,6.161930521768486,-1.1150822760369128,-2.339370892824218,0.07856742013183832,High,Low,Low,Avg,Low
Eevee,2024-05-16,432.0,16.11,77.4,35.1,349.0,20.0,91.0,53.0,0.7705028195712542,-0.6181862531992003,-0.5571250628390535,-4.9712630471695,Avg,Avg,Avg,Low,Avg
Eevee,2024-07-14,422.0,17.86,105.8,46.5,369.8,19.0,87.6,48.6,0.5372555372238068,-0.2119686689508407,0.8609176840890584,-0.2172060323798329,Avg,Avg,Avg,Avg,Avg
Eevee,2024-08-16,351.0,31.84,105.2,66.6,380.2,18.8,91.3,48.1,-0.3340755553675111,2.731318203851392,0.6967144056285409,2.2444204444587146,Avg,High,Avg,High,High
Eevee,2024-08-23,475.0,31.61,106.8,47.8,375.3,21.0,93.6,51.2,1.26030489981694,1.5586050808685392,0.7038015161928045,-0.3244218371379892,High,High,Avg,Avg,High
Eevee,2025-02-05,260.0,26.77,110.4,25.3,389.6,22.5,95.5,50.7,-1.5912272539105128,0.5773776208398879,0.8360635878408603,-2.6214226080558696,Low,Avg,Avg,Low,High
Eevee,2025-02-13,443.0,19.1,104.8,60.1,373.4,23.0,97.3,47.6,0.789260000142532,-0.5574055209760619,0.4300314810473884,0.9876074456398056,Avg,Avg,Avg,Avg,Avg
Eevee,2025-05-17,352.0,22.11,104.3,64.5,381.1,22.6,98.2,48.9,-0.3396083130638549,-0.07088287306329044,0.37348070725603216,1.2344307585189271,Avg,Avg,Avg,High,Avg
Eevee,2025-05-25,180.0,25.12,76.0,55.5,378.2,22.5,98.8,50.5,-2.43668879946948,0.4080842613645936,-1.4598911898631326,0.38883859381599795,Low,Avg,Low,Avg,High
Eevee,2025-08-18,220.0,28.69,97.7,35.3,360.2,22.8,96.7,51.0,-1.4362888465709234,0.9776233838274467,0.060721286588794256,-1.273583151298883,Low,Avg,Avg,Low,High
Garchomp,2024-01-03,374.0,30.19,95.0,39.4,,,,,0.0,0.0,0.0,0.0,Avg,Avg,Avg,Avg,Avg
Garchomp,2024-02-05,427.0,18.7,71.8,62.3,374.0,30.2,95.0,39.4,0.0,0.0,0.0,0.0,Avg,Avg,Avg,Avg,Avg
Garchomp,2024-03-30,289.0,34.53,116.1,44.3,400.5,24.4,83.4,50.8,-2.975185135935851,1.2412831833361762,1.9933096331724212,-0.4045021324691602,Low,High,High,Avg,High
Garchomp,2024-04-23,480.0,28.66,89.4,62.7,363.3,27.8,94.3,48.7,1.6758693133369231,0.10432335024789724,-0.22113615628634767,1.1637874237305228,High,Avg,Avg,High,Low
Garchomp,2024-04-26,218.0,15.15,107.1,59.7,392.5,28.0,93.1,52.2,-2.142489039284237,-1.9231030671615383,0.7681856880765492,0.6224129481537579,Low,Low,Avg,Avg,Low
Garchomp,2024-05-08,385.0,34.4,72.7,16.6,357.6,25.4,95.9,53.7,0.26047675111696245,1.0962176361039546,-1.3627351073877216,-3.3715778999678006,Avg,High,Low,Low,High
Garchomp,2024-08-07,360.0,31.38,109.3,45.3,362.2,26.9,92.0,47.5,-0.02286744378362722,0.5437063319979379,0.9646290428326239,-0.12186243171615084,Avg,Avg,Avg,Avg,Avg
Garchomp,2024-10-05,432.0,30.25,105.6,63.3,361.9,27.6,94.5,47.2,0.8109239522646691,0.35022404395711654,0.6310541985142227,0.9765550556021659,Avg,Avg,Avg,Avg,Avg
Garchomp,2024-10-26,289.0,26.6,93.5,41.4,370.6,27.9,95.9,49.2,-0.9736612128202452,-0.18312162005262222,-0.1416001981008218,-0.4783848717352745,Avg,Avg,Avg,Avg,Avg
Garchomp,2025-01-07,208.0,27.35,101.0,35.9,361.6,27.8,95.6,48.3,-1.8499625056688649,-0.06158892150153622,0.3430388213848283,-0.8036110754126371,Low,Avg,Avg,Avg,High
Garchomp,2025-07-14,298.0,18.06,111.8,51.9,346.2,27.7,96.2,47.1,-0.5233513550185903,-1.53065353152112,1.0497328835080406,0.31838335867864703,Avg,Low,High,Avg,Low
Garchomp,2025-08-02,344.0,20.11,100.6,24.6,341.8,26.8,97.6,47.5,0.024633013974820754,-1.0111137716027205,0.20303818950213853,-1.5915647808850584,Avg,Low,Avg,Low,Low
Garchomp,2025-08-07,453.0,34.87,96.7,34.2,342.0,26.3,97.8,45.6,1.3143355058598636,1.2934869501602169,-0.07898707195051784,-0.7488023278755774,High,High,Avg,Avg,High
Garchomp,2025-08-12,222.0,27.76,91.0,44.4,350.5,26.9,97.7,44.7,-1.4856444341730244,0.12045050138657955,-0.4940203843775192,-0.02265934284487349,Low,Avg,Avg,Avg,High
Garchomp,2025-08-27,363.0,26.27,85.7,31.3,341.4,27.0,97.3,44.7,0.24062338105037784,-0.11197052218541631,-0.873681224145735,-0.9347123145551391,Avg,Avg,Avg,Avg,Avg
Garchomp,2025-10-15,386.0,19.31,112.8,46.4,342.8,27.0,96.5,43.8,0.4973916991585757,-1.2146750465830751,1.2460974928303337,0.18097215374660705,Avg,Low,High,Avg,Low
Gengar,2024-01-28,473.0,19.72,112.8,19.6,,,,,0.0,0.0,0.0,0.0,Avg,Avg,Avg,Avg,Avg
Gengar,2024-02-03,180.0,25.74,114.0,47.6,473.0,19.7,112.8,19.6,0.0,0.0,0.0,0.0,Avg,Avg,Avg,Avg,Avg
Gengar,2024-02-17,178.0,32.47,92.7,53.0,326.5,22.7,113.4,33.6,-0.7167601160832923,2.288112973008961,-24.39518395093598,0.9798479682156443,Avg,High,Low,Avg,High
Gengar,2024-03-26,347.0,31.81,84.5,36.8,277.0,26.0,106.5,40.1,0.41238589298782097,0.914560132576617,-1.838511438734301,-0.18219894343586804,Avg,Avg,Low,Avg,Avg
Gengar,2024-11-03,303.0,33.08,72.5,15.8,294.5,27.4,101.0,39.2,0.059462857225109404,0.9457230149674997,-1.9371178049804703,-1.5919997769647272,Avg,Avg,Low,Low,Avg
Gengar,2024-11-25,201.0,33.53,108.1,36.8,296.2,28.6,95.3,34.6,-0.7686497943193399,0.8632315285426693,0.7102402853615642,0.1356435286862556,Avg,Avg,Avg,Avg,Avg
Gengar,2024-12-11,192.0,24.22,67.2,24.3,280.3,29.4,97.4,34.9,-0.7524268675955692,-0.9351243131482391,-1.7841738413782615,-0.7185297044346973,Avg,Avg,Low,Avg,Avg
Gengar,2025-01-11,235.0,24.96,96.0,35.8,267.7,28.7,93.1,33.4,-0.291443122392608,-0.6821197052915732,0.15004856661197605,0.1692656920481315,Avg,Avg,Avg,Avg,Avg
Gengar,2025-05-22,445.0,29.99,104.6,18.4,263.6,28.2,93.5,33.7,1.7345783426041332,0.3472851954550993,0.6237924703001883,-1.1710207772544108,High,Avg,Avg,Low,Low
Gengar,2025-07-31,414.0,27.41,95.9,63.2,283.8,28.4,94.7,32.0,1.1324872792292189,-0.20096905573992216,0.06956718043227837,2.3531841238767806,High,Avg,Avg,High,Low
Gengar,2025-10-24,234.0,16.52,90.3,68.9,296.8,28.3,94.8,35.1,-0.5415233135937569,-2.55205472572267,-0.28107317671948884,2.121331876481961,Avg,Low,Avg,High,Low
Gengar,2025-11-02,456.0,25.3,87.0,53.4,291.1,27.2,94.4,38.2,1.4772097665047537,-0.3412110632577757,-0.48324955037573936,0.8345176069062226,High,Avg,Avg,Avg,Low
Greninja,2024-06-26,309.0,25.31,118.1,15.3,,,,,0.0,0.0,0.0,0.0,Avg,Avg,Avg,Avg,Avg
Greninja,2024-07-22,361.0,22.13,97.3,67.2,309.0,25.3,118.1,15.3,0.0,0.0,0.0,0.0,Avg,Avg,Avg,Avg,Avg
Greninja,2024-10-14,455.0,23.67,91.4,48.9,335.0,23.7,107.7,41.2,3.263569759322527,-0.022236062301462495,-1.1082538974366076,0.2084534441648203,High,Avg,Low,Avg,Low
Greninja,2024-12-26,265.0,23.98,86.8,28.0,375.0,23.7,102.3,43.8,-1.4864864864864864,0.1739755216059571,-1.1027289811239918,-0.6002313466811048,Low,Avg,Low,Avg,High
Greninja,2024-12-29,298.0,21.92,79.2,40.4,347.5,23.8,98.4,39.8,-0.6058399073262117,-1.4186796878893375,-1.3894329912905474,0.024018841337602223,Avg,Low,Low,Avg,Low
Greninja,2025-01-15,322.0,19.94,74.9,28.1,337.6,23.4,94.6,40.0,-0.21041157663496438,-2.46960218500722,-1.3347830797973683,-0.5980121634263903,Avg,Low,Low,Avg,Low
Greninja,2025-02-21,320.0,32.47,67.2,62.7,335.0,22.8,91.3,38.0,-0.22516330261306625,5.104882661604181,-1.5611770042460051,1.3442072852574245,Avg,High,Low,High,High
Greninja,2025-03-20,178.0,23.07,66.1,50.9,332.9,24.2,87.8,41.5,-2.5354152952867537,-0.28090464544287935,-1.2966790368042558,0.48858437627916756,Low,Avg,Low,Avg,High
Greninja,2025-03-24,240.0,28.13,84.8,47.6,313.5,24.1,85.1,42.7,-0.9338167858872315,1.0835118295609174,-0.018760868851275266,0.27152971159437245,Avg,High,Avg,Avg,High
Greninja,2025-05-04,327.0,15.83,67.2,21.7,305.3,24.5,85.1,43.2,0.27922724303754937,-2.306110618977681,-1.1039241175124561,-1.2664804332367596,Avg,Low,Low,Low,Low
Greninja,2025-05-25,161.0,34.73,103.8,39.6,307.5,23.6,83.3,41.1,-1.9938073626258812,2.4698901251331167,1.2583082343723748,-0.08497711151527253,Low,High,High,Avg,High
Greninja,2025-06-03,371.0,29.66,80.2,47.6,294.2,24.7,85.2,40.9,0.930861889337352,0.925070189185169,-0.29819157796424617,0.4026049034556308,Avg,Avg,Avg,Avg,Avg
Jigglypuff,2024-01-27,187.0,17.8,92.4,18.7,,,,,0.0,0.0,0.0,0.0,Avg,Avg,Avg,Avg,Avg
Jigglypuff,2024-04-11,150.0,34.35,103.8,47.9,187.0,17.8,92.4,18.7,0.0,0.0,0.0,0.0,Avg,Avg,Avg,Avg,Avg
Jigglypuff,2024-05-07,389.0,31.45,100.5,38.2,168.5,26.1,98.1,33.3,8.427948391980202,0.4592989666317451,0.29772917102591545,0.237316659439321,High,Avg,Avg,Avg,Low
Jigglypuff,2024-10-07,409.0,28.98,119.2,40.9,242.0,27.9,98.9,34.9,1.2981670842837403,0.12597474180491972,3.460618312514596,0.4012131998466636,High,Avg,High,Avg,Low
Jigglypuff,2024-10-22,315.0,21.89,111.3,61.6,283.8,28.1,104.0,36.4,0.23289194282648654,-0.8642567309242699,0.6526599949199728,2.0134041205574245,Avg,Avg,Avg,High,Avg
Jigglypuff,2024-11-06,365.0,19.66,94.7,58.5,290.0,26.9,105.4,41.5,0.6407916302701975,-1.0539510266335244,-1.047104965638298,1.0908451580156238,Avg,Low,Low,High,Low
Jigglypuff,2024-11-30,315.0,21.26,101.8,17.4,302.5,25.7,103.6,44.3,0.11460320359048351,-0.650031278433617,-0.1819444287032135,-1.7234951769676607,Avg,Avg,Avg,Low,Avg
Jigglypuff,2024-12-29,335.0,23.82,100.8,35.1,304.3,25.1,103.4,40.5,0.30812676552165674,-0.19187440308549852,-0.2777853759661892,-0.30605939950423805,Avg,Avg,Avg,Avg,Avg
Jigglypuff,2025-03-18,169.0,24.1,75.6,21.3,308.1,24.9,103.1,39.8,-1.497206281560113,-0.13402248722571306,-3.168927888862427,-1.1331249521929794,Low,Avg,Low,Low,High
Jigglypuff,2025-04-21,499.0,22.01,66.2,63.1,292.7,24.8,100.0,37.7,2.09434995042886,-0.500510798390353,-2.765152433504421,1.5412067537909004,High,Avg,Low,High,Low
Jigglypuff,2025-05-26,286.0,20.77,74.1,55.6,313.3,24.5,96.6,40.3,-0.24050389867614774,-0.7028632376445944,-1.432911252253702,0.8775853042025547,Avg,Avg,Low,Avg,Avg
Jigglypuff,2025-07-01,406.0,19.3,81.3,46.2,310.8,24.2,94.6,41.7,0.8813069493275931,-0.939865121988407,-0.8103436850639658,0.26367321003795985,Avg,Avg,Avg,Avg,Avg
Jigglypuff,2025-07-24,466.0,27.93,100.1,56.7,318.8,23.8,93.5,42.0,1.3816245224799975,0.8041404397249282,0.41171943487310075,0.8907577204167701,High,Avg,Avg,Avg,Low
Jigglypuff,2025-08-14,332.0,16.73,82.3,59.4,330.1,24.1,94.0,43.2,0.017496928071553005,-1.4538624103230995,-0.7531076550114093,0.9974956813758981,Avg,Low,Avg,Avg,Low
Jigglypuff,2025-08-15,491.0,30.6,84.0,57.6,330.2,23.6,93.1,44.3,1.5226094415855604,1.3368968820624363,-0.6007832065949203,0.8180202102515576,High,High,Avg,Avg,High
Jigglypuff,2025-12-02,443.0,23.09,105.3,28.8,340.9,24.0,92.5,45.2,0.9287209029416779,-0.17724453325062572,0.8583893037454295,-1.0255247303959147,Avg,Avg,Avg,Low,Avg
Lucario,2024-01-12,334.0,29.63,114.2,45.1,,,,,0.0,0.0,0.0,0.0,Avg,Avg,Avg,Avg,Avg
Lucario,2024-03-15,334.0,31.52,73.7,40.8,334.0,29.6,114.2,45.1,0.0,0.0,0.0,0.0,Avg,Avg,Avg,Avg,Avg
Lucario,2024-04-11,393.0,32.2,69.0,36.6,334.0,30.6,94.0,43.0,0.0,1.215924359183219,-0.8712253921286105,-2.0884316560625904,Avg,High,Avg,Low,High
Lucario,2024-04-12,161.0,16.57,65.5,33.0,353.7,31.1,85.6,40.8,-5.656075518501759,-10.923971134748014,-0.8101677148323925,-1.843094738789366,Low,Low,Avg,Low,Low
Lucario,2024-04-20,368.0,30.67,98.9,48.7,305.5,27.5,80.6,38.9,0.6233296368794983,0.4337686438712526,0.8079279907835314,1.87756945280947,Avg,Avg,Avg,High,Avg
Lucario,2024-07-17,419.0,31.9,91.0,68.3,318.0,28.1,84.3,40.8,1.1071859474476544,0.5794654978439723,0.3171060786571481,4.350353189515604,High,Avg,Avg,High,Low
Lucario,2024-08-23,191.0,17.5,66.8,65.6,334.8,28.7,85.4,45.4,-1.5733480892389793,-1.8628017791417668,-0.9674337249038293,1.6079929800323105,Low,Low,Avg,High,Low
Lucario,2024-10-29,160.0,29.63,107.5,27.7,314.3,27.1,82.7,48.3,-1.549073284643196,0.35748481175572466,1.3113754173974512,-1.4965040357074144,Low,Avg,High,Low,High
Lucario,2025-06-07,230.0,19.26,86.9,30.1,295.0,27.5,85.8,45.7,-0.6067011822046131,-1.259469463681113,0.05496238595172646,-1.0644727265962963,Avg,Low,Avg,Low,Low
Lucario,2025-09-26,483.0,17.48,76.0,53.1,287.8,26.5,85.9,44.0,1.9040005406067604,-1.3587907745883054,-0.5434384094495067,0.6204266698395371,High,Low,Avg,Avg,Low
Lucario,2025-10-21,324.0,27.36,91.4,20.8,307.3,25.6,85.0,44.9,0.1455976466432574,0.24948822202280913,0.3677972835686109,-1.7041462777234162,Avg,Avg,Avg,Low,Avg
Lucario,2025-12-17,429.0,21.21,76.0,42.0,308.8,25.8,85.5,42.7,1.1032931542880773,-0.6968744565295614,-0.5693290086595305,-0.04647434874749216,High,Avg,Avg,Avg,Low
Machamp,2024-07-16,254.0,18.47,85.4,18.4,,,,,0.0,0.0,0.0,0.0,Avg,Avg,Avg,Avg,Avg
Machamp,2024-09-06,161.0,16.25,106.8,39.7,254.0,18.5,85.4,18.4,0.0,0.0,0.0,0.0,Avg,Avg,Avg,Avg,Avg
Machamp,2024-09-16,319.0,17.67,113.0,61.3,207.5,17.4,96.1,29.0,1.6955356151032268,0.19748027222327158,1.1168322057993139,2.1412388444381367,High,Avg,High,High,Low
Machamp,2024-10-31,200.0,29.5,110.5,58.3,244.7,17.5,101.7,39.8,-0.562464455047788,10.70556991600086,0.6053996730434783,0.8624638331106779,Avg,High,Avg,Avg,High
Machamp,2025-03-01,475.0,30.65,74.1,53.5,233.5,20.5,103.9,44.4,3.5215158359280307,1.67174598632602,-2.3652081759060457,0.4581799661832301,High,High,Low,Avg,High
Machamp,2025-05-14,482.0,19.06,74.8,52.7,281.8,22.5,98.0,46.2,1.6242799572476556,-0.4950344421022576,-1.3435108806869531,0.36649097900657035,High,Avg,Low,Avg,Low
Machamp,2025-06-26,363.0,17.71,92.3,39.0,315.2,21.9,94.1,47.3,0.34855126677002213,-0.6612505028259356,-0.09952075128788747,-0.5202861056594209,Avg,Avg,Avg,Avg,Avg
Machamp,2025-08-20,296.0,16.78,117.1,68.2,322.0,21.3,93.8,46.1,-0.20541115275895558,-0.7526915192205096,1.4074071208945451,1.4786453865834681,Avg,Avg,High,High,Avg
Machamp,2025-09-23,236.0,33.13,117.6,18.8,318.8,20.8,96.8,48.9,-0.7039794813404855,2.1240590864424034,1.2004358847505303,-1.895813331384665,Avg,High,High,Low,High
Machamp,2025-10-16,382.0,34.27,94.3,37.6,309.6,22.1,99.1,45.5,0.6390581524270749,1.7762553725445136,-0.26974482902307806,-0.4434344520161501,Avg,High,Avg,Avg,High
Mewtwo,2024-01-31,458.0,34.23,78.1,66.2,,,,,0.0,0.0,0.0,0.0,Avg,Avg,Avg,Avg,Avg
Mewtwo,2024-04-08,489.0,32.68,77.1,25.3,458.0,34.2,78.1,66.2,0.0,0.0,0.0,0.0,Avg,Avg,Avg,Avg,Avg
Mewtwo,2024-04-29,435.0,19.49,74.6,36.8,473.5,33.5,77.6,45.8,-1.7563620048827149,-12.741607999058266,-4.242640687119285,-0.30946727098384363,Low,Low,Low,Avg,Low
Mewtwo,2024-08-11,414.0,20.17,110.1,27.6,460.7,28.8,76.6,42.8,-1.7221071097826433,-1.0654507739540977,18.582456573545176,-0.7190470554145904,Low,Low,High,Avg,Low
Mewtwo,2024-08-29,478.0,28.76,118.0,33.8,449.0,26.6,85.0,39.0,0.901857099678128,0.2681503720503157,1.9640725218216544,-0.2750057468622867,Avg,Avg,High,Avg,Avg
Mewtwo,2024-11-25,362.0,25.25,74.2,69.5,454.8,27.1,91.6,37.9,-3.0208627828736527,-0.2630364344181769,-0.8379655776679498,1.9173528097395875,Low,Avg,Avg,High,High
Mewtwo,2024-11-27,195.0,32.77,97.6,46.9,439.3,26.8,88.7,43.2,-5.220765938892248,0.9657860828559277,0.4489385686806108,0.18912142014386507,Low,Avg,Avg,Avg,High
Mewtwo,2024-12-09,493.0,32.68,71.8,67.6,404.4,27.6,90.0,43.7,0.8704574742865395,0.8272863885919715,-0.9845700641022673,1.3325412520094704,Avg,Avg,Avg,High,Avg
Mewtwo,2025-02-02,468.0,15.9,81.3,61.9,415.5,28.3,87.7,46.7,0.5288443165389911,-2.080854014120409,-0.3501794398327805,0.8161264811630973,Avg,Low,Avg,Avg,Low
Mewtwo,2025-02-17,422.0,17.14,119.0,49.7,421.3,26.9,87.0,48.4,0.0070549699806046065,-1.4089789108806852,1.86230974814731,0.07171001901282166,Avg,Low,High,Avg,Low
Mewtwo,2025-04-03,280.0,31.38,100.6,47.7,421.4,25.9,90.2,48.5,-1.587124091452262,0.7591447163213312,0.5451426052379038,-0.0485473192019503,Low,Avg,Avg,Avg,High
Mewtwo,2025-07-24,380.0,32.01,102.3,46.1,408.5,26.4,91.1,48.5,-0.3015449887411109,0.7967137741362222,0.6070967306770666,-0.14515142235216286,Avg,Avg,Avg,Avg,Avg
Mewtwo,2025-08-24,240.0,29.47,101.0,45.3,406.2,26.9,92.1,48.3,-1.8333819040166255,0.3765318849082731,0.5011853268643537,-0.19109032118543381,Low,Avg,Avg,Avg,High
Mewtwo,2025-11-17,448.0,34.8,107.4,54.0,393.4,27.1,92.7,48.0,0.5558570002979415,1.1628561754404545,0.848977521219325,0.40210535719540863,Avg,High,Avg,Avg,High
Mewtwo,2025-11-19,297.0,29.75,99.5,63.1,397.3,27.6,93.8,48.5,-1.0498748732822802,0.31685092182603897,0.33493383343367894,1.0203011101975232,Low,Avg,Avg,High,High
Mewtwo,2025-11-28,318.0,26.85,77.1,52.6,390.6,27.8,94.2,49.4,-0.7592582970849432,-0.14103154166938225,-1.035640533122085,0.22087452179731779,Avg,Avg,Low,Avg,Avg
Pikachu,2024-01-05,490.0,31.98,101.6,47.5,,,,,0.0,0.0,0.0,0.0,Avg,Avg,Avg,Avg,Avg
Pikachu,2024-02-02,447.0,23.99,108.5,48.3,490.0,32.0,101.6,47.5,0.0,0.0,0.0,0.0,Avg,Avg,Avg,Avg,Avg
Pikachu,2024-03-26,176.0,20.8,114.9,28.7,468.5,28.0,105.0,47.9,-9.619941092886751,-1.2717302184794348,2.0188410999094186,-33.9411254969544,Low,Low,High,Low,Low
Pikachu,2024-03-28,204.0,16.16,85.6,67.3,371.0,25.6,108.3,41.5,-0.9809791744893933,-1.6373872174635014,-3.417741407330487,2.325929488268146,Avg,Low,Low,High,Low
Pikachu,2024-07-06,355.0,34.31,93.6,67.9,329.2,23.2,102.6,48.0,0.1588026885806675,1.6635191110969794,-0.7183972758650334,1.2657124535961206,Avg,High,Avg,High,High
Pikachu,2024-08-29,482.0,34.31,97.6,17.6,334.4,25.4,100.8,51.9,1.047564910497193,1.165652410888806,-0.278439513867293,-2.105805507313515,High,High,Avg,Low,High
Pikachu,2024-09-26,307.0,22.9,88.4,26.4,359.0,26.9,100.3,46.2,-0.3722575776974476,-0.522555833086067,-1.1342493330530172,-0.979533872458912,Avg,Avg,Low,Avg,Avg
Pikachu,2025-03-31,451.0,15.14,82.5,21.1,351.6,26.4,98.6,43.4,0.7706263078340446,-1.5582204392505983,-1.5216013897514291,-1.1182512216641505,Avg,Low,Low,Low,Low
Pikachu,2025-04-04,213.0,18.67,103.9,16.1,364.0,24.9,96.6,40.6,-1.2126823710896077,-0.8101137109367978,0.6454224638777041,-1.2211723895433435,Low,Avg,Avg,Low,High
Pikachu,2025-05-13,252.0,15.28,81.3,24.1,347.2,24.3,97.4,37.9,-0.7504575371718326,-1.1888664633487143,-1.4804949784997932,-0.6731752981734682,Avg,Low,Low,Avg,Low
Pikachu,2025-05-20,462.0,25.79,109.4,49.8,337.7,23.4,95.8,36.5,1.007616686931961,0.3180513106173826,1.1889251824935798,0.672325297900564,High,Avg,High,Avg,Low
Pikachu,2025-07-15,162.0,33.19,70.4,52.6,349.0,23.6,97.0,37.7,-1.5217541846755474,1.3164970508653806,-2.2936128450834095,0.7759483040575975,Low,High,Low,Avg,High
Pikachu,2025-07-16,231.0,16.81,66.3,43.9,333.4,24.4,94.8,38.9,-0.7939061442003261,-1.0094250529796047,-2.115457055750496,0.2633585057510656,Avg,Low,Low,Avg,Low
Pikachu,2025-07-17,161.0,27.73,92.2,43.8,325.5,23.8,92.6,39.3,-1.298280362503161,0.526301919042756,-0.027449902843877477,0.247633290530887,Low,Avg,Avg,Avg,High
Snorlax,2024-02-23,385.0,15.39,104.4,51.2,,,,,0.0,0.0,0.0,0.0,Avg,Avg,Avg,Avg,Avg
Snorlax,2024-03-27,375.0,23.17,75.0,62.4,385.0,15.4,104.4,51.2,0.0,0.0,0.0,0.0,Avg,Avg,Avg,Avg,Avg
Snorlax,2024-04-28,438.0,22.26,100.4,53.7,380.0,19.3,89.7,56.8,8.202438661763951,0.541691056024656,0.5146967727004121,-0.39143411101398096,High,Avg,Avg,Avg,Low
Snorlax,2024-05-06,426.0,15.46,79.1,54.9,399.3,20.3,93.3,55.8,0.7876137180171273,-1.1316180039701882,-0.8884527739266133,-0.14741588477348944,Avg,Low,Avg,Avg,Low
Snorlax,2024-06-09,207.0,15.68,97.3,16.8,406.0,19.1,89.7,55.6,-6.4837703638881905,-0.8023015086254035,0.5110830712042952,-8.039834371413315,Low,Avg,Avg,Low,High
Snorlax,2024-08-09,337.0,24.62,111.0,47.3,366.2,18.4,91.2,47.8,-0.3143840495526076,1.5723778741880778,1.4884810950926495,-0.028050297764607563,Avg,High,High,Avg,High
Snorlax,2024-10-09,347.0,29.32,91.7,37.5,361.3,19.4,94.5,47.7,-0.17078666933367503,2.2679954999528036,-0.19737766781957894,-0.6407610584641239,Avg,High,Avg,Avg,High
Snorlax,2024-10-31,272.0,24.36,81.5,32.0,359.3,20.8,94.1,46.3,-1.1364686969736275,0.644080847131865,-0.9605053594323837,-0.9467605586114338,Low,Avg,Avg,Avg,High
Snorlax,2024-11-04,362.0,22.59,75.2,61.1,348.4,21.3,92.6,44.5,0.17577274786562902,0.2511369641310208,-1.3381606072132555,1.1214126537740357,Avg,Avg,Low,High,Avg
Snorlax,2025-04-19,473.0,24.31,108.3,48.2,349.9,21.4,90.6,46.3,1.6945640424867472,0.5894679587611518,1.315653784585308,0.12573981885676375,High,Avg,High,Avg,Low
Snorlax,2025-04-20,202.0,23.29,99.8,15.7,362.2,21.7,92.4,46.5,-2.033347156469793,0.3349554212486567,0.5351472495790299,-2.186304768648624,Low,Avg,Avg,Low,High
Snorlax,2025-05-05,402.0,32.11,74.8,50.9,347.6,21.9,93.1,43.7,0.6108792587998968,2.286527111459324,-1.3706566964972888,0.44170994140175435,Avg,High,Low,Avg,High
Snorlax,2025-09-04,468.0,17.46,85.6,18.8,352.2,22.7,91.5,44.3,1.3423721149456003,-1.010471704250552,-0.4319590604814897,-1.6288551757551013,High,Low,Avg,Low,Low
Snorlax,2025-09-07,365.0,33.24,117.7,33.8,361.1,22.3,91.1,42.3,0.04425705417136835,2.1075735065946217,2.005338213286384,-0.5154842992648523,Avg,High,High,Avg,High
Snorlax,2025-09-15,407.0,31.96,72.8,37.4,361.4,23.1,93.0,41.7,0.5358912247638946,1.5356171774512963,-1.3824491905918304,-0.26944290432431417,Avg,High,Low,Avg,High
Squirtle,2024-03-10,495.0,30.07,119.3,35.6,,,,,0.0,0.0,0.0,0.0,Avg,Avg,Avg,Avg,Avg
Squirtle,2024-03-30,247.0,18.76,80.5,67.3,495.0,30.1,119.3,35.6,0.0,0.0,0.0,0.0,Avg,Avg,Avg,Avg,Avg
Squirtle,2024-07-21,461.0,25.55,77.3,68.0,371.0,24.4,99.9,51.4,0.5132226637644297,0.14192152018509863,-0.8237429512791742,0.7383354718383194,Avg,Avg,Avg,Avg,Avg
Squirtle,2024-08-07,322.0,15.23,107.7,45.7,401.0,24.8,92.4,57.0,-0.5875920685604809,-1.6798877955600808,0.6558378336588105,-0.6087659661725897,Avg,Low,Avg,Avg,Low
Squirtle,2024-08-29,471.0,16.65,72.3,19.2,381.2,22.4,96.2,54.2,0.7692912092425481,-0.8626274344936141,-1.1618014468257083,-2.1671597135344407,Avg,Avg,Low,Low,Avg
Squirtle,2024-09-15,309.0,27.55,95.5,68.3,399.2,21.3,91.4,47.2,-0.8296835828829134,0.9961658986515597,0.19638275385151574,1.0085402668757688,Avg,Avg,Avg,High,Avg
Squirtle,2024-09-24,420.0,25.4,99.0,34.7,384.2,22.3,92.1,50.7,0.3446251048150901,0.4987759588531052,0.36983631704035796,-0.7744189661942815,Avg,Avg,Avg,Avg,Avg
Squirtle,2025-01-03,486.0,22.5,71.5,21.5,389.3,22.7,93.1,48.4,1.0087051734317565,-0.04218881234351018,-1.252808413560499,-1.3595687951697173,High,Avg,Low,Low,Low
Squirtle,2025-03-12,337.0,30.0,67.0,22.4,401.4,22.7,90.4,45.0,-0.6767383756317213,1.3590027492562358,-1.3225709882844592,-1.0967906886460272,Avg,High,Low,Low,High
Squirtle,2025-03-21,483.0,27.12,117.0,61.7,394.2,23.5,87.8,42.5,0.9699046738886963,0.6454496867253227,1.5974318451640734,0.9251687168979456,Avg,Avg,High,Avg,Avg
Squirtle,2025-04-05,337.0,21.19,97.1,19.3,403.1,23.9,90.7,44.4,-0.7283803676332404,-0.5009897456249119,0.3267000867495448,-1.2285727698080213,Avg,Avg,Avg,Low,Avg
Squirtle,2025-05-31,437.0,29.12,99.0,20.6,397.1,23.6,91.3,42.2,0.4516183666729121,1.0615959117725202,0.4132394229591592,-1.0342834861727992,Avg,High,Avg,Low,High
Squirtle,2025-07-22,413.0,30.83,99.8,39.7,400.4,24.1,91.9,40.4,0.1479685607721336,1.3023279418080467,0.43884672195030466,-0.03161767496663681,Avg,High,Avg,Avg,High
Squirtle,2025-08-10,272.0,17.34,92.2,18.2,401.4,24.6,92.5,40.3,-1.5876401223087548,-1.3743586627714577,-0.01956340438991818,-1.1089285422326334,Low,Low,Avg,Low,Low
Squirtle,2025-11-19,357.0,22.62,66.5,35.7,392.1,24.1,92.5,38.7,-0.4105774956166613,-0.2707142774801595,-1.5650262850872652,-0.15109177140967034,Avg,Avg,Low,Avg,Avg
Squirtle,2025-12-18,446.0,22.1,86.4,31.4,389.8,24.0,90.8,38.5,0.6772896378336241,-0.3603946787171586,-0.2521741961723125,-0.3686601284414535,Avg,Avg,Avg,Avg,Avg
Sylveon,2024-01-30,187.0,18.03,83.8,37.7,,,,,0.0,0.0,0.0,0.0,Avg,Avg,Avg,Avg,Avg
Sylveon,2024-02-08,385.0,21.34,116.1,52.2,187.0,18.0,83.8,37.7,0.0,0.0,0.0,0.0,Avg,Avg,Avg,Avg,Avg
Sylveon,2024-03-10,415.0,28.57,111.6,61.2,286.0,19.7,99.9,45.0,0.9213815633642892,3.7961593660679633,0.5100801238899865,1.584894509556055,Avg,High,Avg,High,High
Sylveon,2024-04-13,409.0,32.63,113.2,38.9,329.0,22.6,103.8,50.4,0.6457495195600137,1.852152922240349,0.535401290026624,-0.9670975199636995,Avg,High,Avg,Avg,High
Sylveon,2024-04-22,280.0,17.45,106.0,69.0,349.0,25.1,106.2,47.5,-0.6343369507918953,-1.155941321921654,-0.011641449280920492,1.9108783598562016,Avg,Low,Avg,High,Low
Sylveon,2024-06-08,189.0,24.72,91.3,64.3,335.2,23.6,106.1,51.8,-1.4748728224014611,0.16627262358563613,-1.1398938839417418,0.9131266404391901,Low,Avg,Low,Avg,High
Sylveon,2024-07-21,345.0,18.61,94.9,50.0,310.8,23.8,103.7,53.9,0.31967270221475047,-0.8603877237051734,-0.6678802125000778,-0.29275247373225294,Avg,Avg,Avg,Avg,Avg
Sylveon,2024-07-29,438.0,24.97,95.8,48.2,315.7,23.0,102.4,53.3,1.2425050272617084,0.32908875671172527,-0.5320311646047,-0.4204513888828906,High,Avg,Avg,Avg,Low
Sylveon,2024-12-01,374.0,16.3,84.6,58.7,331.0,23.3,101.6,52.7,0.42635501841150014,-1.2839840740917556,-1.4463499866123888,0.5256790685846117,Avg,Low,Low,Avg,Low
Sylveon,2025-01-27,390.0,22.51,101.2,32.1,335.8,22.5,99.7,53.4,0.568225574187983,-0.0005952255208522717,0.12136005742306309,-1.952741908210399,Avg,Avg,Avg,Low,Avg
Sylveon,2025-02-08,198.0,28.26,71.9,36.2,341.2,22.5,99.8,51.2,-1.5635614622276754,1.088479485015852,-2.3965312019078526,-1.2251627292493783,Low,High,Low,Low,High
Sylveon,2025-04-07,182.0,34.3,79.8,44.7,328.2,23.0,97.3,49.9,-1.5066797155373075,2.1253251315401265,-1.258914311759636,-0.4134422587881535,Low,High,Low,Avg,High
Sylveon,2025-09-17,342.0,22.77,67.4,21.1,316.0,24.0,95.9,49.4,0.2557098433027995,-0.20038300697376815,-2.0047281013477827,-2.360897487375307,Avg,Avg,Low,Low,Avg
Umbreon,2024-01-29,390.0,23.75,108.2,64.1,,,,,0.0,0.0,0.0,0.0,Avg,Avg,Avg,Avg,Avg
Umbreon,2024-02-12,164.0,16.7,93.5,23.3,390.0,23.8,108.2,64.1,0.0,0.0,0.0,0.0,Avg,Avg,Avg,Avg,Avg
Umbreon,2024-03-19,463.0,27.73,67.1,64.6,277.0,20.2,100.8,43.7,1.163910276997326,1.5054855015049748,-3.2469188932035355,0.7244378297450413,High,High,Low,Avg,High
Umbreon,2024-05-28,300.0,18.41,76.6,41.7,339.0,22.7,89.6,50.7,-0.2501799689658101,-0.7727994580231166,-0.6242285594342175,-0.3783156703486861,Avg,Avg,Avg,Avg,Avg
Umbreon,2024-08-08,434.0,27.3,70.6,53.1,329.2,21.6,86.4,48.4,0.8134854008951117,1.1202666132807346,-0.865188739853315,0.23534123621837133,Avg,High,Avg,Avg,High
Umbreon,2025-01-02,242.0,15.42,75.2,24.6,350.2,22.8,83.2,49.4,-0.8945448694379843,-1.4575507479719585,-0.4633070818188775,-1.428738436203702,Avg,Low,Avg,Low,Low
Umbreon,2025-02-02,253.0,21.99,68.9,15.7,332.2,21.6,81.9,45.2,-0.6774709481802142,0.08082603069489824,-0.8214146809327124,-1.5959565683158174,Avg,Avg,Avg,Low,Avg
Umbreon,2025-02-26,353.0,28.62,118.0,28.7,320.9,21.6,80.0,41.0,0.2901196182223979,1.4143169528572868,2.4956162816412824,-0.6081828868698412,Avg,High,High,Avg,High
Umbreon,2025-03-11,378.0,31.21,79.6,23.2,324.9,22.5,84.8,39.5,0.5147730061128252,1.6730226078942907,-0.26519886871207754,-0.845689724034033,Avg,High,Avg,Avg,High
Umbreon,2025-05-31,277.0,22.73,80.3,61.8,330.8,23.5,84.2,37.7,-0.547934896053845,-0.1284115876958353,-0.21261916592657057,1.2835926143381788,Avg,Avg,Avg,High,Avg
Umbreon,2025-06-09,273.0,25.51,111.6,54.8,325.4,23.4,83.8,40.1,-0.5569553716455116,0.39652557960263446,1.6080382265050472,0.762727746139938,Avg,Avg,High,Avg,Avg
Umbreon,2025-09-08,239.0,20.21,108.0,27.5,320.6,23.6,86.3,41.4,-0.9006415828867523,-0.6577888729812154,1.1766668582133304,-0.7387944255629807,Avg,Avg,High,Avg,Avg
Umbreon,2025-11-30,320.0,17.19,65.7,28.3,313.8,23.3,88.1,40.3,0.06884003349733187,-1.2267232328817042,-1.2033285377911016,-0.6496905914153177,Avg,Low,Low,Avg,Low
